,link,text
0,/de/mmr/reference/pre_20170925/source/pre_20170925.de.pdf,Zahlungsbilanz und Auslandvermögen der Schweiz: 2. Quartal 2017
1,/de/mmr/reference/pre_20170914/source/pre_20170914.de.pdf,Geldpolitische Lagebeurteilung vom 14. September 2017
2,/de/mmr/reference/pre_20170804/source/pre_20170804.de.pdf,Umfrage zur Zahlungsmittelnutzung in der Schweiz
3,/de/mmr/reference/pre_20170731/source/pre_20170731.de.pdf,Zwischenbericht der Schweizerischen Nationalbank per 30. Juni 2017
4,/de/mmr/reference/pre_20170629/source/pre_20170629.de.pdf,Die Banken in der Schweiz 2016
5,/de/mmr/reference/pre_20170626/source/pre_20170626.de.pdf,Zahlungsbilanz und Auslandvermögen der Schweiz: 1. Quartal 2017
6,/de/mmr/reference/pre_20170616/source/pre_20170616.de.pdf,Nationalbank publiziert Festschrift zu Ehren von Ernst Baltensperger
7,/de/mmr/reference/pre_20170615/source/pre_20170615.de.pdf,Geldpolitische Lagebeurteilung vom 15. Juni 2017
8,/de/mmr/reference/pre_20170526/source/pre_20170526.de.pdf,Tagung der Zentralbankgouverneure der französischsprachigen Länder in Montreux
9,/de/mmr/reference/pre_20170517/source/pre_20170517.de.pdf,Banknoten-App der Schweizerischen Nationalbank ergänzt
10,/de/mmr/reference/pre_20170510/source/pre_20170510.de.pdf,Nationalbank gibt neue 20-Franken-Note heraus
11,/de/mmr/reference/pre_20170427/source/pre_20170427.de.pdf,Zwischenbericht der Schweizerischen Nationalbank per 31. März 2017
12,/de/mmr/reference/pre_20170324/source/pre_20170324.de.pdf,Zahlungsbilanz und Auslandvermögen der Schweiz: 4. Quartal 2016 und Jahr 2016
13,/de/mmr/reference/pre_20170323/source/pre_20170323.de.pdf,Publikation des Geschäftsberichts 2016
14,/de/mmr/reference/pre_20170322/source/pre_20170322.de.pdf,Neue Berechnung der SNB-Wechselkursindizes
15,/de/mmr/reference/pre_20170316/source/pre_20170316.de.pdf,Geldpolitische Lagebeurteilung vom 16. März 2017
16,/de/mmr/reference/pre_20170306/source/pre_20170306.de.pdf,Jahresergebnis 2016 der Schweizerischen Nationalbank
17,/de/mmr/reference/pre_20170216/source/pre_20170216.de.pdf,Karl-Brunner-Vortragsreihe der SNB: John B. Taylor als nächster Referent
18,/de/mmr/reference/pre_20170109/source/pre_20170109.de.pdf,Nationalbank erwartet Jahresgewinn von gut 24 Mrd. Franken
19,/de/mmr/reference/pre_20161221_2/source/pre_20161221_2.de.pdf,Beförderungen bei der Schweizerischen Nationalbank
20,/de/mmr/reference/pre_20161221/source/pre_20161221.de.pdf,Zahlungsbilanz und Auslandvermögen der Schweiz: 3. Quartal 2016
21,/de/mmr/reference/pre_20161219/source/pre_20161219.de.pdf,Nationalbank erhöht Aufbau der Rückstellungen für Währungsreserven
22,/de/mmr/reference/pre_20161216/source/pre_20161216.de.pdf,Direktinvestitionen 2015
23,/de/mmr/reference/pre_20161215/source/pre_20161215.de.pdf,Geldpolitische Lagebeurteilung vom 15. Dezember 2016
24,/de/mmr/reference/pre_20161206/source/pre_20161206.de.pdf,Emissionskalender der Bundesanleihen und Geldmarktbuchforderungen für 2017
25,/de/mmr/reference/pre_20161129/source/pre_20161129.de.pdf,Finanzierungsrechnung der Schweiz 2015
26,/de/mmr/reference/pre_20161110/source/pre_20161110.de.pdf,EFD und SNB schliessen neue Vereinbarung über die Gewinnausschüttung der SNB ab
27,/de/mmr/reference/pre_20161031/source/pre_20161031.de.pdf,Zwischenbericht der Schweizerischen Nationalbank per 30. September 2016
28,/de/mmr/reference/pre_20161013/source/pre_20161013.de.pdf,"""Unsere Nationalbank"" - neu auch auf Italienisch und Englisch verfügbar"
29,/de/mmr/reference/pre_20160930/source/pre_20160930.de.pdf,Roland Scheurer neuer SNB-Delegierter für Wirtschaftskontakte in der Region Mittelland
30,/de/mmr/reference/pre_20160921/source/pre_20160921.de.pdf,Zahlungsbilanz und Auslandvermögen der Schweiz: 2. Quartal 2016
31,/de/mmr/reference/pre_20160915/source/pre_20160915.de.pdf,Geldpolitische Lagebeurteilung vom 15. September 2016
32,/de/mmr/reference/pre_20160905/source/pre_20160905.de.pdf,Carl-Menger-Preis 2016
33,/de/mmr/reference/pre_20160901/source/pre_20160901.de.pdf,Umsätze auf den Devisen- und Derivatmärkten in der Schweiz - Erhebung 2016
34,/de/mmr/reference/pre_20160729/source/pre_20160729.de.pdf,Zwischenbericht der Schweizerischen Nationalbank per 30. Juni 2016
35,/de/mmr/reference/pre_20160711/source/pre_20160711.de.pdf,Susanne Mühlemann wird neue Leiterin Kommunikation der Schweizerischen Nationalbank
36,/de/mmr/reference/pre_20160630/source/pre_20160630.de.pdf,Die Banken in der Schweiz 2015
37,/de/mmr/reference/pre_20160630_1/source/pre_20160630_1.de.pdf,Erweiterung des Datenportals der SNB
38,/de/mmr/reference/pre_20160621/source/pre_20160621.de.pdf,Zahlungsbilanz und Auslandvermögen der Schweiz: 1. Quartal 2016
39,/de/mmr/reference/pre_20160616/source/pre_20160616.de.pdf,Geldpolitische Lagebeurteilung vom 16. Juni 2016
40,/de/mmr/reference/pre_20160531/source/pre_20160531.de.pdf,Zahlungsbilanz und Auslandvermögen der Schweiz 2015
41,/de/mmr/reference/pre_20160428/source/pre_20160428.de.pdf,Zwischenbericht der Schweizerischen Nationalbank per 31. März 2016
42,/de/mmr/reference/pre_20160418/source/pre_20160418.de.pdf,"Inbetriebnahme des erneuerten Zahlungssystems ""Swiss Interbank Clearing"" (SIC-System)"
43,/de/mmr/reference/pre_20160412/source/pre_20160412.de.pdf,Schweizerische Nationalbank stellt Banknoten-App zur Verfügung
44,/de/mmr/reference/pre_20160406/source/pre_20160406.de.pdf,Schweizerische Nationalbank gibt neue Banknoten heraus
45,/de/mmr/reference/pre_20160321/source/pre_20160321.de.pdf,Zahlungsbilanz und Auslandvermögen der Schweiz: 4. Quartal 2015 und Jahr 2015
46,/de/mmr/reference/pre_20160317/source/pre_20160317.de.pdf,Geldpolitische Lagebeurteilung vom 17. März 2016
47,/de/mmr/reference/pre_20160304/source/pre_20160304.de.pdf,Jahresergebnis 2015 der Schweizerischen Nationalbank
48,/de/mmr/reference/pre_20160216/source/pre_20160216.de.pdf,Schweizerische Nationalbank gründet Vortragsreihe zu Ehren von Karl Brunner
49,/de/mmr/reference/pre_20160108/source/pre_20160108.de.pdf,Nationalbank erwartet Jahresverlust von 23 Mrd. Franken
50,/de/mmr/reference/pre_20151221_1/source/pre_20151221_1.de.pdf,Revision der Bilanzstatistiken
51,/de/mmr/reference/pre_20151221_2/source/pre_20151221_2.de.pdf,Zahlungsbilanz und Auslandvermögen im 3. Quartal 2015
52,/de/mmr/reference/pre_20151215/source/pre_20151215.de.pdf,Beförderungen bei der Schweizerischen Nationalbank
53,/de/mmr/reference/pre_20151211/source/pre_20151211.de.pdf,Direktinvestitionen 2014
54,/de/mmr/reference/pre_20151210/source/pre_20151210.de.pdf,Geldpolitische Lagebeurteilung vom 10. Dezember 2015
55,/de/mmr/reference/pre_20151208/source/pre_20151208.de.pdf,Emissionskalender der Bundesanleihen und Geldmarktbuchforderungen für das Jahr 2016 
56,/de/mmr/reference/pre_20151204/source/pre_20151204.de.pdf,Bundesrat wählt Christian Vitta zum Mitglied des Bankrats der Schweizerischen Nationalbank
57,/de/mmr/reference/pre_20151130/source/pre_20151130.de.pdf,Renminbi-Clearing nun auch in der Schweiz möglich
58,/de/mmr/reference/pre_20151126/source/pre_20151126.de.pdf,Teilrevision der Nationalbankverordnung tritt in Kraft
59,/de/mmr/reference/pre_20151120/source/pre_20151120.de.pdf,Vermögen der privaten Haushalte 2014
60,/de/mmr/reference/pre_20151110/source/pre_20151110.de.pdf,Direkthandel Renminbi - Schweizer Franken ermöglicht
61,/de/mmr/reference/pre_20151030/source/pre_20151030.de.pdf,Zwischenbericht der Schweizerischen Nationalbank per 30. September 2015
62,/de/mmr/reference/pre_20151021/source/pre_20151021.de.pdf,"Verbesserung der ""Too-big-to-fail""-Bestimmungen: Nationalbank begrüsst Entscheid des Bundesrats"
63,/de/mmr/reference/pre_20151001/source/pre_20151001.de.pdf,Rita Kobel Rohr neue SNB-Delegierte für Wirtschaftskontakte in der Region Zürich
64,/de/mmr/reference/pre_20150921/source/pre_20150921.de.pdf,Zahlungsbilanz und Auslandvermögen im 2. Quartal 2015 (korrigierte Fassung)
65,/de/mmr/reference/pre_20150917/source/pre_20150917.de.pdf,Geldpolitische Lagebeurteilung vom 17. September 2015
66,/de/mmr/reference/pre_20150901/source/pre_20150901.de.pdf,Verfügung der Schweizerischen Nationalbank betreffend Systemrelevanz der PostFinance AG
67,/de/mmr/reference/pre_20150827_2/source/pre_20150827_2.de.pdf,Zahlungsbilanz und Auslandvermögen 2014
68,/de/mmr/reference/pre_20150827_1/source/pre_20150827_1.de.pdf,Neues Datenportal der Schweizerischen Nationalbank
69,/de/mmr/reference/pre_20150820/source/pre_20150820.de.pdf,Revision der Nationalbankverordnung
70,/de/mmr/reference/pre_20150814/source/pre_20150814.de.pdf,Neue Schweizer Banknoten - Emissionsbeginn im April 2016
71,/de/mmr/reference/pre_20150731/source/pre_20150731.de.pdf,Zwischenbericht der Schweizerischen Nationalbank per 30. Juni 2015
72,/de/mmr/reference/pre_20150622/source/pre_20150622.de.pdf,Zahlungsbilanz und Auslandvermögen im 1. Quartal 2015
73,/de/mmr/reference/pre_20150618_2/source/pre_20150618_2.de.pdf,Die Banken in der Schweiz 2014
74,/de/mmr/reference/pre_20150618_1/source/pre_20150618_1.de.pdf,Geldpolitische Lagebeurteilung vom 18. Juni 2015
75,/de/mmr/reference/pre_20150430/source/pre_20150430.de.pdf,Zwischenbericht der Schweizerischen Nationalbank per 31. März 2015
76,/de/mmr/reference/pre_20150422/source/pre_20150422.de.pdf,Weniger Ausnahmen bei Negativzinsen auf SNB-Girokonten
77,/de/mmr/reference/pre_20150323_2/source/pre_20150323_2.de.pdf,Zahlungsbilanz und Auslandvermögen: 4. Quartal 2014 und Jahr 2014
78,/de/mmr/reference/pre_20150319/source/pre_20150319.de.pdf,Geldpolitische Lagebeurteilung vom 19. März 2015
79,/de/mmr/reference/pre_20150313/source/pre_20150313.de.pdf,Der Bundesrat wählt Barbara Janom Steiner zum Mitglied des Bankrats der Schweizerischen Nationalbank
80,/de/mmr/reference/pre_20150306/source/pre_20150306.de.pdf,Jahresergebnis 2014 der Schweizerischen Nationalbank
81,/de/mmr/reference/pre_20150130/source/pre_20150130.de.pdf,Nationalbank und Finanzdepartement einigen sich über Zusatzausschüttung an Bund und Kantone
82,/de/mmr/reference/pre_20150121/source/pre_20150121.de.pdf,Neue Fortschritte bei der Finanzkooperation zwischen China und der Schweiz
83,/de/mmr/reference/pre_20150115/source/pre_20150115.de.pdf,"Nationalbank hebt Mindestkurs auf und senkt Zins auf -0,75%"
84,/de/mmr/reference/pre_20150109/source/pre_20150109.de.pdf,Nationalbank erwartet Jahresgewinn von 38 Mrd. Franken
85,/de/mmr/reference/pre_20141222/source/pre_20141222.de.pdf,Zahlungsbilanz und Auslandvermögen im 3. Quartal 2014
86,/de/mmr/reference/pre_20141218/source/pre_20141218.de.pdf,Nationalbank führt Negativzinsen ein
87,/de/mmr/reference/pre_20141217/source/pre_20141217.de.pdf,"Nationalbankdirektorium: Fritz Zurbrügg wird Vizepräsident, Andréa Maechler neues Mitglied"
88,/de/mmr/reference/pre_20141216/source/pre_20141216.de.pdf,Beförderungen bei der Schweizerischen Nationalbank
89,/de/mmr/reference/pre_20141212/source/pre_20141212.de.pdf,Direktinvestitionen 2013
90,/de/mmr/reference/pre_20141211/source/pre_20141211.de.pdf,Geldpolitische Lagebeurteilung vom 11. Dezember 2014
91,/de/mmr/reference/pre_20141202/source/pre_20141202.de.pdf,Emissionskalender der Bundesanleihen und Geldmarktbuchforderungen für das Jahr 2015 
92,/de/mmr/reference/pre_20141130/source/pre_20141130.de.pdf,Stellungnahme zum Abstimmungsergebnis vom 30. November 2014
93,/de/mmr/reference/pre_20141128/source/pre_20141128.de.pdf,Sanierung und Umbau der Gebäude der Nationalbank am Bundesplatz 1 und im Kaiserhaus
94,/de/mmr/reference/pre_20141120/source/pre_20141120.de.pdf,Vermögen der privaten Haushalte 2013
95,/de/mmr/reference/pre_20141031/source/pre_20141031.de.pdf,Zwischenbericht der Schweizerischen Nationalbank per 30. September 2014
96,/de/mmr/reference/pre_20141030/source/pre_20141030.de.pdf,Shadow Banking in der Schweiz
97,/de/mmr/reference/pre_20140922_1/source/pre_20140922_1.de.pdf,Zahlungsbilanz und Auslandvermögen im 2. Quartal 2014
98,/de/mmr/reference/pre_20140918/source/pre_20140918.de.pdf,Geldpolitische Lagebeurteilung vom 18. September 2014
99,/de/mmr/reference/pre_20140909/source/pre_20140909.de.pdf,Carl-Menger-Preis erstmalig verliehen
100,/de/mmr/reference/pre_20140905/source/pre_20140905.de.pdf,Nationalbank-Vizepräsident Jean-Pierre Danthine tritt Mitte 2015 zurück
101,/de/mmr/reference/pre_20140813/source/pre_20140813.de.pdf,Verfügung der Schweizerischen Nationalbank betreffend Systemrelevanz
102,/de/mmr/reference/pre_20140731/source/pre_20140731.de.pdf,Zwischenbericht der Schweizerischen Nationalbank per 30. Juni 2014
103,/de/mmr/reference/pre_20140721/source/pre_20140721.de.pdf,Renminbi-Swap-Abkommen und Renminbi-Investitionsquote für die Nationalbank
104,/de/mmr/reference/pre_20140707_1/source/pre_20140707_1.de.pdf,Die Nationalbank richtet ihre Effektenpolitik an den neuen Liquiditätsbestimmungen aus
105,/de/mmr/reference/pre_20140630_1/source/pre_20140630_1.de.pdf,Beförderung bei der Schweizerischen Nationalbank
106,/de/mmr/reference/pre_20140623/source/pre_20140623.de.pdf,Zahlungsbilanz und Auslandvermögen im 1. Quartal 2014
107,/de/mmr/reference/pre_20140619_2/source/pre_20140619_2.de.pdf,Die Banken in der Schweiz 2013
108,/de/mmr/reference/pre_20140619_1/source/pre_20140619_1.de.pdf,Geldpolitische Lagebeurteilung vom 19. Juni 2014
109,/de/mmr/reference/pre_20140519_1/source/pre_20140519_1.de.pdf,Verlängerung des Goldabkommens zwischen der SNB und anderen Zentralbanken
110,/de/mmr/reference/pre_20140430/source/pre_20140430.de.pdf,Zwischenbericht der Schweizerischen Nationalbank per 31. März 2014
111,/de/mmr/reference/pre_20140408/source/pre_20140408.de.pdf,Sanierung und Umbau der Gebäude der Nationalbank am Bundesplatz 1 und im Kaiserhaus 
112,/de/mmr/reference/pre_20140320/source/pre_20140320.de.pdf,Geldpolitische Lagebeurteilung vom 20. März 2014
113,/de/mmr/reference/pre_20140307/source/pre_20140307.de.pdf,Jahresergebnis 2013 der Schweizerischen Nationalbank
114,/de/mmr/reference/pre_20140228/source/pre_20140228.de.pdf,SNB-Bankrat: Rücktritt von Gerold Bührer und Nominierung von Heinz Karrer zuhanden der Generalversammlung 
115,/de/mmr/reference/pre_20140123/source/pre_20140123.de.pdf,Antrag der Schweizerischen Nationalbank auf Erhöhung des antizyklischen Kapitalpuffers
116,/de/mmr/reference/pre_20140122/source/pre_20140122.de.pdf,"Bundesbank, Oesterreichische Nationalbank und Schweizerische Nationalbank stiften Carl-Menger-Forschungspreis"
117,/de/mmr/reference/pre_20140106/source/pre_20140106.de.pdf,Jahresverlust der Nationalbank verunmöglicht Gewinnausschüttungen
118,/de/mmr/reference/pre_20131223_2/source/pre_20131223_2.de.pdf,Beförderungen bei der Schweizerischen Nationalbank 
119,/de/mmr/reference/pre_20131213_1/source/pre_20131213_1.de.pdf,Direktinvestitionen 2012 
120,/de/mmr/reference/pre_20131213_2/source/pre_20131213_2.de.pdf,Auslandvermögen der Schweiz 2012
121,/de/mmr/reference/pre_20131212/source/pre_20131212.de.pdf,Geldpolitische Lagebeurteilung vom 12. Dezember 2013
122,/de/mmr/reference/pre_20131203/source/pre_20131203.de.pdf,Emissionskalender der Bundesanleihen und Geldmarktbuchforderungen für das Jahr 2014
123,/de/mmr/reference/pre_20131120/source/pre_20131120.de.pdf,Vermögen der privaten Haushalte 2012
124,/de/mmr/reference/pre_20131111/source/pre_20131111.de.pdf,Verfügung der Schweizerischen Nationalbank betreffend Systemrelevanz
125,/de/mmr/reference/pre_20131108/source/pre_20131108.de.pdf,UBS kauft den StabFund von der SNB (mit Präsentation)
126,/de/mmr/reference/pre_20131101/source/pre_20131101.de.pdf,Urs Schönholzer neuer SNB-Delegierter für Wirtschaftskontakte in der Region Ostschweiz
127,/de/mmr/reference/pre_20131031_2/source/pre_20131031_2.de.pdf,Zwischenbericht der Schweizerischen Nationalbank per 30. September 2013
128,/de/mmr/reference/pre_20131031_1/source/pre_20131031_1.de.pdf,Zentralbanken überführen befristete Swap-Abkommen in unbefristete Abkommen
129,/de/mmr/reference/pre_20131001/source/pre_20131001.de.pdf,Ungültige Schweizer 1000-Franken-Noten in Umlauf
130,/de/mmr/reference/pre_20130919/source/pre_20130919.de.pdf,Geldpolitische Lagebeurteilung vom 19. September 2013
131,/de/mmr/reference/pre_20130905/source/pre_20130905.de.pdf,Umsätze auf den Devisen- und Derivatmärkten in der Schweiz - Erhebung 2013
132,/de/mmr/reference/pre_20130816/source/pre_20130816.de.pdf,SNB StabFund tilgt Darlehen der Schweizerischen Nationalbank
133,/de/mmr/reference/pre_20130815/source/pre_20130815.de.pdf,Die Zahlungsbilanz der Schweiz 2012
134,/de/mmr/reference/pre_20130730/source/pre_20130730.de.pdf,Zwischenbericht der Schweizerischen Nationalbank per 30. Juni 2013
135,/de/mmr/reference/pre_20130625/source/pre_20130625.de.pdf,Teilrevision der Nationalbankverordnung tritt in Kraft
136,/de/mmr/reference/pre_20130620_2/source/pre_20130620_2.de.pdf,Die Banken in der Schweiz 2012
137,/de/mmr/reference/pre_20130620_1/source/pre_20130620_1.de.pdf,Geldpolitische Lagebeurteilung vom 20. Juni 2013
138,/de/mmr/reference/pre_20130430/source/pre_20130430.de.pdf,Zwischenbericht der Schweizerischen Nationalbank per 31. März 2013
139,/de/mmr/reference/pre_20130405/source/pre_20130405.de.pdf,Revision der Überwachung von Finanzmarktinfrastrukturen: Nationalbank startet Vernehmlassung
140,/de/mmr/reference/pre_20130314/source/pre_20130314.de.pdf,Geldpolitische Lagebeurteilung vom 14. März 2013
141,/de/mmr/reference/pre_20130307/source/pre_20130307.de.pdf,Jahresergebnis 2012 der Schweizerischen Nationalbank
142,/de/mmr/reference/pre_20130213/source/pre_20130213.de.pdf,Antizyklischer Kapitalpuffer: Antrag der Schweizerischen Nationalbank und Entscheid des Bundesrates
143,/de/mmr/reference/pre_20130117/source/pre_20130117.de.pdf,Nationalbank erwartet Jahresgewinn von 6 Milliarden Franken
144,/de/mmr/reference/pre_20121220/source/pre_20121220.de.pdf,Verfügungen der Schweizerischen Nationalbank betreffend Systemrelevanz
145,/de/mmr/reference/pre_20121219/source/pre_20121219.de.pdf,Beförderungen bei der Schweizerischen Nationalbank 
146,/de/mmr/reference/pre_20121218/source/pre_20121218.de.pdf,Schweizerische Nationalbank eröffnet Niederlassung in Singapur
147,/de/mmr/reference/pre_20121214_1/source/pre_20121214_1.de.pdf,Auslandvermögen der Schweiz 2011
148,/de/mmr/reference/pre_20121214_2/source/pre_20121214_2.de.pdf,Direktinvestitionen 2011
149,/de/mmr/reference/pre_20121213_2/source/pre_20121213_2.de.pdf,Zentralbanken verlängern Swap-Abkommen bis Februar 2014
150,/de/mmr/reference/pre_20121213_1/source/pre_20121213_1.de.pdf,Geldpolitische Lagebeurteilung vom 13. Dezember 2012
151,/de/mmr/reference/pre_20121204/source/pre_20121204.de.pdf,Emissionskalender der Bundesanleihen für das Jahr 2013
152,/de/mmr/reference/pre_20121120/source/pre_20121120.de.pdf,Vermögen der privaten Haushalte 2011
153,/de/mmr/reference/pre_20121031/source/pre_20121031.de.pdf,Zwischenbericht der Schweizerischen Nationalbank per 30. September 2012
154,/de/mmr/reference/pre_20121003/source/pre_20121003.de.pdf,Der Schweizer Franken - Währungsgeschichte der Schweiz
155,/de/mmr/reference/pre_20120928/source/pre_20120928.de.pdf,Jean-Marc Falter neuer SNB-Delegierter für Wirtschaftskontakte in der Region Genf
156,/de/mmr/reference/pre_20120927/source/pre_20120927.de.pdf,Schweizerische Nationalbank optimiert Immobilienportfolio: Kauf der Liegenschaft Metropol in Zürich
157,/de/mmr/reference/pre_20120913/source/pre_20120913.de.pdf,Geldpolitische Lagebeurteilung vom 13. September 2012
158,/de/mmr/reference/pre_20120904/source/pre_20120904.de.pdf,20 Jahre Mitgliedschaft der Schweiz in IWF und Weltbank 
159,/de/mmr/reference/pre_20120827/source/pre_20120827.de.pdf,Schweizerische Nationalbank - kein Antrag auf Aktivierung des antizyklischen Kapitalpuffers
160,/de/mmr/reference/pre_20120816/source/pre_20120816.de.pdf,Die Zahlungsbilanz der Schweiz im Jahr 2011
161,/de/mmr/reference/pre_20120731/source/pre_20120731.de.pdf,Zwischenbericht der Schweizerischen Nationalbank per 30. Juni 2012
162,/de/mmr/reference/pre_20120625/source/pre_20120625.de.pdf,Swap-Abkommen zwischen der Schweizerischen Nationalbank und der polnischen Zentralbank
163,/de/mmr/reference/pre_20120614_2/source/pre_20120614_2.de.pdf,Die Banken in der Schweiz 2011
164,/de/mmr/reference/pre_20120614_1/source/pre_20120614_1.de.pdf,Geldpolitische Lagebeurteilung vom 14. Juni 2012 
165,/de/mmr/reference/pre_20120430/source/pre_20120430.de.pdf,Zwischenbericht der Schweizerischen Nationalbank per 31. März 2012
166,/de/mmr/reference/pre_20120425/source/pre_20120425.de.pdf,Finanztransaktionen Kashya Hildebrand: Überprüfungsergebnis liegt vor 
167,/de/mmr/reference/pre_20120418_2/source/pre_20120418_2.de.pdf,"Nationalbankdirektorium: Thomas Jordan wird Präsident, Jean-Pierre Danthine Vizepräsident. Fritz Zurbrügg ist neues Mitglied."
168,/de/mmr/reference/pre_20120418_3/source/pre_20120418_3.de.pdf,"Bankrat der Nationalbank: Jean Studer wird neuer Präsident, Olivier Steimer neuer Vizepräsident. Christoph Lengwiler und Shelby du Pasquier sind neue Mitglieder. "
169,/de/mmr/reference/pre_20120418_1/source/pre_20120418_1.de.pdf,Nationalbank verstärkt Compliance
170,/de/mmr/reference/pre_20120315/source/pre_20120315.de.pdf,Geldpolitische Lagebeurteilung vom 15. März 2012
171,/de/mmr/reference/pre_20120312/source/pre_20120312.de.pdf,Der Bankrat der Nationalbank verabschiedet neues Reglement für Eigengeschäfte von Mitgliedern der Bankleitung
172,/de/mmr/reference/pre_20120308/source/pre_20120308.de.pdf,Jahresergebnis 2011 der Schweizerischen Nationalbank
173,/de/mmr/reference/pre_20120307/source/pre_20120307.de.pdf,Finanztransaktionen des Nationalbank-Direktoriums: KPMG legt Prüfbericht vor
174,/de/mmr/reference/pre_20120217/source/pre_20120217.de.pdf,Bankrat der Nationalbank: Sämtliche Arbeiten auf Kurs - Dr. Hansueli Raggenbass kandidiert nicht mehr für das Bankratspräsidium
175,/de/mmr/reference/pre_20120209/source/pre_20120209.de.pdf,Emission der neuen Banknotenserie verzögert sich
176,/de/mmr/reference/pre_20120119/source/pre_20120119.de.pdf,"100 Jahre Schweizerische Nationalbank am Bundesplatz 1, Bern"
177,/de/mmr/reference/pre_20120114/source/pre_20120114.de.pdf,Treffen der Bellagio Group in der Schweiz
178,/de/mmr/reference/pre_20120113/source/pre_20120113.de.pdf,Nationalbank erwartet Jahresgewinn von 13 Milliarden Franken und wird Ausschüttung vornehmen können
179,/de/mmr/reference/pre_20120109_2/source/pre_20120109_2.de.pdf,Der Bankrat zum Rücktritt von Nationalbankpräsident Philipp Hildebrand 
180,/de/mmr/reference/pre_20120109_3/source/pre_20120109_3.de.pdf,"Erklärung von Philipp M. Hildebrand, Präsident des Direktoriums der Schweizerischen Nationalbank, zu seinem Rücktritt"
181,/de/mmr/reference/pre_20120109_4/source/pre_20120109_4.de.pdf,SNB-Direktorium bedauert Rücktritt von Philipp Hildebrand
182,/de/mmr/reference/pre_20120109_1/source/pre_20120109_1.de.pdf,Nationalbankpräsident Philipp Hildebrand stellt sein Amt per sofort zur Verfügung 
183,/de/mmr/reference/pre_20120107/source/pre_20120107.de.pdf,Bankrat der Nationalbank verstärkt Kontrolle 
184,/de/mmr/reference/pre_20120104/source/pre_20120104.de.pdf,SNB veröffentlicht internes Reglement über Eigengeschäfte und Prüfungsbericht von PWC
185,/de/mmr/reference/pre_20111223/source/pre_20111223.de.pdf,Mitteilung des Bankrats der Schweizerischen Nationalbank: Gerüchte gegen den Präsidenten des Direktoriums erweisen sich als haltlos
186,/de/mmr/reference/pre_20111220/source/pre_20111220.de.pdf,Beförderungen bei der Schweizerischen Nationalbank 
187,/de/mmr/reference/pre_20111215/source/pre_20111215.de.pdf,Geldpolitische Lagebeurteilung vom 15. Dezember 2011 
188,/de/mmr/reference/pre_20111213_1/source/pre_20111213_1.de.pdf,Direktinvestitionen 2010 
189,/de/mmr/reference/pre_20111213_2/source/pre_20111213_2.de.pdf,Auslandvermögen der Schweiz 2010
190,/de/mmr/reference/pre_20111207/source/pre_20111207.de.pdf,Emissionskalender der Bundesanleihen für das Jahr 2012
191,/de/mmr/reference/pre_20111130/source/pre_20111130.de.pdf,Koordinierte Massnahmen der Zentralbanken gegen die angespannte Lage an den internationalen Geldmärkten
192,/de/mmr/reference/pre_20111121/source/pre_20111121.de.pdf,Neue Vereinbarung über die Gewinnausschüttung der SNB
193,/de/mmr/reference/pre_20111118/source/pre_20111118.de.pdf,Vermögen der privaten Haushalte 2010
194,/de/mmr/reference/pre_20111104_1/source/pre_20111104_1.de.pdf,Ernennung Philipp Hildebrands zum Vize-Vorsitzenden des Financial Stability Board
195,/de/mmr/reference/pre_20111104_2/source/pre_20111104_2.de.pdf,Erklärung Philipp Hildebrands zu seiner Ernennung zum Vize-Vorsitzenden des Financial Stability Board
196,/de/mmr/reference/pre_20111031/source/pre_20111031.de.pdf,Zwischenbericht der Schweizerischen Nationalbank per 30. September 2011
197,/de/mmr/reference/pre_20111028/source/pre_20111028.de.pdf,SNB Bankrat: Fritz Studer tritt auf Ende April 2012 zurück 
198,/de/mmr/reference/pre_20110930/source/pre_20110930.de.pdf,Daniel Hanimann neuer SNB-Delegierter für Wirtschaftskontakte in der Region Nordwestschweiz
199,/de/mmr/reference/pre_20110915_2/source/pre_20110915_2.de.pdf,Zentralbanken erweitern den Zugang zu US-Dollar-Liquidität 
200,/de/mmr/reference/pre_20110915_1/source/pre_20110915_1.de.pdf,Geldpolitische Lagebeurteilung vom 15. September 2011
201,/de/mmr/reference/pre_20110906/source/pre_20110906.de.pdf,Nationalbank legt Mindestkurs von 1.20 Franken pro Euro fest
202,/de/mmr/reference/pre_20110831/source/pre_20110831.de.pdf,Fabio Bossi neuer SNB-Delegierter für Wirtschaftskontakte in der Region italienischsprachige Schweiz 
203,/de/mmr/reference/pre_20110819/source/pre_20110819.de.pdf,Die Zahlungsbilanz der Schweiz im Jahr 2010
204,/de/mmr/reference/pre_20110817/source/pre_20110817.de.pdf,Nationalbank intensiviert Massnahmen gegen die Frankenstärke 
205,/de/mmr/reference/pre_20110810/source/pre_20110810.de.pdf,Nationalbank weitet Massnahmen gegen den starken Franken aus 
206,/de/mmr/reference/pre_20110803/source/pre_20110803.de.pdf,Die Nationalbank trifft Massnahmen gegen den starken Franken
207,/de/mmr/reference/pre_20110729_2/source/pre_20110729_2.de.pdf,Martin Wyss neuer SNB-Delegierter für Wirtschaftskontakte in der Region Mittelland 
208,/de/mmr/reference/pre_20110729_1/source/pre_20110729_1.de.pdf,Zwischenbericht der Schweizerischen Nationalbank per 30. Juni 2011
209,/de/mmr/reference/pre_20110705/source/pre_20110705.de.pdf,Auktionsschluss für Eidgenössische Anleihen neu um 11.00 Uhr 
210,/de/mmr/reference/pre_20110629/source/pre_20110629.de.pdf,Zentralbanken verlängern US-Dollar-Swap-Fazilitäten
211,/de/mmr/reference/pre_20110616_2/source/pre_20110616_2.de.pdf,Die Banken in der Schweiz 2010
212,/de/mmr/reference/pre_20110616_1/source/pre_20110616_1.de.pdf,Geldpolitische Lagebeurteilung vom 16. Juni 2011 
213,/de/mmr/reference/pre_20110527/source/pre_20110527.de.pdf,"Treffen der ""Group of Thirty"" in der Schweiz"
214,/n/mmr/reference/pre_20110502/source/pre_20110502.n.pdf,SNB and IMF to host High-Level Conference on the International Monetary System
215,/de/mmr/reference/pre_20110429/source/pre_20110429.de.pdf,Zwischenbericht der Schweizerischen Nationalbank per 31. März 2011
216,/de/mmr/reference/pre_20110322/source/pre_20110322.de.pdf,Eidg. Finanzdepartement und Nationalbank unterzeichnen Memorandum über die Auswahl der Mitglieder des Bankrates 
217,/de/mmr/reference/pre_20110317/source/pre_20110317.de.pdf,Geldpolitische Lagebeurteilung vom 17. März 2011 
218,/de/mmr/reference/pre_20110311/source/pre_20110311.de.pdf,Der Bundesrat wählt Alfredo Gysi zum Mitglied des Bankrats der Schweizerischen Nationalbank
219,/de/mmr/reference/pre_20110303/source/pre_20110303.de.pdf,Jahresergebnis 2010 der Schweizerischen Nationalbank
220,/de/mmr/reference/pre_20110301/source/pre_20110301.de.pdf,Nationalbank konzentriert Bargeldlogistik 
221,/de/mmr/reference/pre_20110225/source/pre_20110225.de.pdf,SNB-Bankrat nominiert Cédric Tille zuhanden der Generalversammlung vom 29. April 2011 
222,/de/mmr/reference/pre_20110117/source/pre_20110117.de.pdf,"EFD, FINMA und SNB unterzeichnen tripartite Vereinbarung über Zusammenarbeit "
223,/de/mmr/reference/pre_20110114/source/pre_20110114.de.pdf,Nationalbank erwartet einen Jahresverlust von 21 Mrd. Franken für 2010 – Gewinnausschüttung wird beibehalten
224,/de/mmr/reference/pre_20101221/source/pre_20101221.de.pdf,Zentralbanken versorgen Märkte weiterhin mit US-Dollar-Liquidität 
225,/de/mmr/reference/pre_20101220/source/pre_20101220.de.pdf,Beförderungen bei der Schweizerischen Nationalbank 
226,/de/mmr/reference/pre_20101217/source/pre_20101217.de.pdf,SNB-Bankrat: Konrad Hummler tritt auf Ende April 2011 zurück 
227,/de/mmr/reference/pre_20101216/source/pre_20101216.de.pdf,Geldpolitische Lagebeurteilung vom 16. Dezember 2010 
228,/de/mmr/reference/pre_20101214_1/source/pre_20101214_1.de.pdf,Direktinvestitionen 2009
229,/de/mmr/reference/pre_20101214_2/source/pre_20101214_2.de.pdf,Auslandvermögen der Schweiz 2009
230,/de/mmr/reference/pre_20101119/source/pre_20101119.de.pdf,Vermögen der privaten Haushalte 2009
231,/de/mmr/reference/pre_20101112/source/pre_20101112.de.pdf,Zwischenbericht der Schweizerischen Nationalbank per 30. September 2010
232,/de/mmr/reference/pre_20101102/source/pre_20101102.de.pdf,SNB-Bankrat: Armin Jans tritt auf Ende April 2011 zurück
233,/de/mmr/reference/pre_20101004/source/pre_20101004.de.pdf,Expertenkommission Too big to fail: SNB und FINMA empfehlen rasche Umsetzung der Massnahmen
234,/de/mmr/reference/pre_20100916/source/pre_20100916.de.pdf,Geldpolitische Lagebeurteilung vom 16. September 2010
235,/de/mmr/reference/pre_20100901/source/pre_20100901.de.pdf,Umsätze auf den Devisen- und Derivatmärkten in der Schweiz - Erhebung 2010
236,/de/mmr/reference/pre_20100826/source/pre_20100826.de.pdf,Walter Meier wird neuer Mediensprecher der SNB
237,/de/mmr/reference/pre_20100813/source/pre_20100813.de.pdf,Zwischenbericht der Schweizerischen Nationalbank per 30. Juni 2010
238,/de/mmr/reference/pre_20100812/source/pre_20100812.de.pdf,Die Zahlungsbilanz der Schweiz im Jahr 2009
239,/de/mmr/reference/pre_20100721/source/pre_20100721.de.pdf,Nationalbank erwartet Halbjahresverlust von rund 4 Mrd. Franken
240,/de/mmr/reference/pre_20100621/source/pre_20100621.de.pdf,Emissionsergebnis der SNB Bills in US-Dollar vom 21.6.2010
241,/de/mmr/reference/pre_20100617_2/source/pre_20100617_2.de.pdf,Die Banken in der Schweiz 2009
242,/de/mmr/reference/pre_20100617_1/source/pre_20100617_1.de.pdf,Geldpolitische Lagebeurteilung vom 17. Juni 2010 
243,/de/mmr/reference/pre_20100607/source/pre_20100607.de.pdf,Emissionsergebnis der SNB Bills in US-Dollar vom 7.6.2010
244,/de/mmr/reference/pre_20100521/source/pre_20100521.de.pdf,Emissionsergebnis der SNB Bills in US-Dollar vom 21.5.2010
245,/de/mmr/reference/pre_20100514/source/pre_20100514.de.pdf,Zwischenbericht der Schweizerischen Nationalbank per 31. März 2010
246,/de/mmr/reference/pre_20100510_1/source/pre_20100510_1.de.pdf,Emissionsergebnis der SNB Bills in US-Dollar vom 10.5.2010
247,/de/mmr/reference/pre_20100510_2/source/pre_20100510_2.de.pdf,Nationalbank verleiht iconomix-Awards
248,/de/mmr/reference/pre_20100510_3/source/pre_20100510_3.de.pdf,Zentralbanken reaktivieren Operationen zur Bereitstellung von USD-Liquidität 
249,/n/mmr/reference/pre_20100427/source/pre_20100427.n.pdf,SNB and IMF to host High-Level Conference on the International Monetary System
250,/de/mmr/reference/pre_20100426/source/pre_20100426.de.pdf,Emissionsergebnis der SNB Bills in US-Dollar vom 26.4.2010
251,/de/mmr/reference/pre_20100421/source/pre_20100421.de.pdf,Neues Liquiditätsregime für Schweizer Grossbanken
252,/de/mmr/reference/pre_20100412/source/pre_20100412.de.pdf,Emissionsergebnis der SNB Bills in US-Dollar vom 12.4.2010
253,/de/mmr/reference/pre_20100329/source/pre_20100329.de.pdf,Emissionsergebnis der SNB Bills in US-Dollar vom 29.3.2010
254,/de/mmr/reference/pre_20100315/source/pre_20100315.de.pdf,Emissionsergebnis der SNB Bills in US-Dollar vom 15.3.2010
255,/de/mmr/reference/pre_20100312/source/pre_20100312.de.pdf,FINMA und SNB verstärken ihre Zusammenarbeit auf dem Gebiet Finanzstabilität
256,/de/mmr/reference/pre_20100311/source/pre_20100311.de.pdf,Geldpolitische Lagebeurteilung vom 11. März 2010
257,/de/mmr/reference/pre_20100304/source/pre_20100304.de.pdf,Jahresergebnis 2009 der Schweizerischen Nationalbank
258,/de/mmr/reference/pre_20100301/source/pre_20100301.de.pdf,Emissionsergebnis der SNB Bills in US-Dollar vom 1.3.2010
259,/de/mmr/reference/pre_20100217/source/pre_20100217.de.pdf,Neue Banknotenserie – Nationalbank verschiebt Ausgabetermin
260,/de/mmr/reference/pre_20100215/source/pre_20100215.de.pdf,Emissionsergebnis der SNB Bills in US-Dollar vom 15.2.2010
261,/de/mmr/reference/pre_20100201/source/pre_20100201.de.pdf,Emissionsergebnis der SNB Bills in US-Dollar vom 1.2.2010
262,/de/mmr/reference/pre_20100127/source/pre_20100127.de.pdf,Schweizerische Nationalbank stellt die Versorgung mit US-Dollar-Liquidität ein
263,/de/mmr/reference/pre_20100121/source/pre_20100121.de.pdf,Nationalbank erwartet hohen Gewinn von 10 Mrd. Franken für 2009
264,/de/mmr/reference/pre_20100118_2/source/pre_20100118_2.de.pdf,Emissionsergebnis der SNB Bills in US-Dollar vom 18.1.2010
265,/de/mmr/reference/pre_20100118/source/pre_20100118.de.pdf,Schweizerische Nationalbank stellt EUR/CHF-Devisenswaps ein
266,/de/mmr/reference/pre_20100104/source/pre_20100104.de.pdf,Emissionsergebnis der SNB Bills in US-Dollar vom 04.01.2010
267,/de/mmr/reference/pre_20091221/source/pre_20091221.de.pdf,Emissionsergebnis der SNB Bills in US-Dollar vom 21.12.2009
268,/de/mmr/reference/pre_20091218/source/pre_20091218.de.pdf,Studienzentrum Gerzensee der Schweizerischen Nationalbank - Wechsel der Leitung
269,/de/mmr/reference/pre_20091217/source/pre_20091217.de.pdf,Direktinvestitionen 2008
270,/de/mmr/reference/pre_20091210/source/pre_20091210.de.pdf,Geldpolitische Lagebeurteilung vom 10. Dezember 2009
271,/de/mmr/reference/pre_20091207_2/source/pre_20091207_2.de.pdf,Beförderungen bei der Schweizerischen Nationalbank
272,/de/mmr/reference/pre_20091207_1/source/pre_20091207_1.de.pdf,Emissionsergebnis der SNB Bills in US-Dollar vom 7.12.2009
273,/de/mmr/reference/pre_20091123/source/pre_20091123.de.pdf,Emissionsergebnis der SNB Bills in US-Dollar vom 23.11.2009
274,/de/mmr/reference/pre_20091120/source/pre_20091120.de.pdf,Vermögen der privaten Haushalte 2008
275,/de/mmr/reference/pre_20091113/source/pre_20091113.de.pdf,Zwischenbericht der Schweizerischen Nationalbank per 30. September 2009
276,/de/mmr/reference/pre_20091109/source/pre_20091109.de.pdf,Emissionsergebnis der SNB Bills in US-Dollar vom 9.11.2009
277,/de/mmr/reference/pre_20091104/source/pre_20091104.de.pdf,Thomas Moser vom Bundesrat zum neuen Stellvertretenden Direktoriumsmitglied ernannt
278,/de/mmr/reference/pre_20091026/source/pre_20091026.de.pdf,Emissionsergebnis der SNB Bills in US-Dollar vom 26.10.2009
279,/de/mmr/reference/pre_20091012/source/pre_20091012.de.pdf,Emissionsergebnis der SNB Bills in US-Dollar vom 12.10.2009
280,/de/mmr/reference/pre_20090928/source/pre_20090928.de.pdf,Emissionsergebnis der SNB Bills in US-Dollar vom 28.9.2009
281,/de/mmr/reference/pre_20090924/source/pre_20090924.de.pdf,Schweizerische Nationalbank stellt weiterhin Liquidität in Schweizer Franken via EUR/CHF-Devisenswaps zur Verfügung
282,/de/mmr/reference/pre_20090924_1/source/pre_20090924_1.de.pdf,Zentralbanken versorgen Märkte weiterhin mit US-Dollar-Liquidität
283,/de/mmr/reference/pre_20090917/source/pre_20090917.de.pdf,Geldpolitische Lagebeurteilung vom 17. September 2009
284,/de/mmr/reference/pre_20090914/source/pre_20090914.de.pdf,Emissionsergebnis der SNB Bills in US-Dollar vom 14.9.2009
285,/de/mmr/reference/pre_20090914_2/source/pre_20090914_2.de.pdf,Fortschritte bei der operationellen Krisenvorsorge und -bewältigung im schweizerischen Finanzsektor
286,/de/mmr/reference/pre_20090831/source/pre_20090831.de.pdf,Emissionsergebnis der SNB Bills in US-Dollar vom 31.8.2009
287,/de/mmr/reference/pre_20090826/source/pre_20090826.de.pdf,Historische Zeitreihen: Die Banken in der Schweiz
288,/de/mmr/reference/pre_20090825/source/pre_20090825.de.pdf,Swiss Reference Rates - Neue Referenzsätze für die Finanzmärkte
289,/de/mmr/reference/pre_20090819/source/pre_20090819.de.pdf,Nationalbank begrüsst Abbau des UBS-Engagements des Bundes
290,/de/mmr/reference/pre_20090817/source/pre_20090817.de.pdf,Emissionsergebnis der SNB Bills in US-Dollar vom 17.8.2009
291,/de/mmr/reference/pre_20090814/source/pre_20090814.de.pdf,Zwischenbericht der Schweizerischen Nationalbank per 30. Juni 2009
292,/de/mmr/reference/pre_20090813/source/pre_20090813.de.pdf,Die Zahlungsbilanz der Schweiz im Jahr 2008
293,/de/mmr/reference/pre_20090807/source/pre_20090807.de.pdf,Gemeinsame Erklärung der Zentralbanken zu den Goldbeständen
294,/de/mmr/reference/pre_20090803/source/pre_20090803.de.pdf,Emissionsergebnis der SNB Bills in US-Dollar vom 3.8.2009
295,/de/mmr/reference/pre_20090720/source/pre_20090720.de.pdf,Emissionsergebnis der SNB Bills in US-Dollar vom 20.7.2009
296,/de/mmr/reference/pre_20090706/source/pre_20090706.de.pdf,Emissionsergebnis der SNB Bills in US-Dollar vom 6.7.2009
297,/de/mmr/reference/pre_20090701/source/pre_20090701.de.pdf,SNB-Chefökonom Ulrich Kohli tritt Ende Jahr in den Ruhestand
298,/de/mmr/reference/pre_20090625_1/source/pre_20090625_1.de.pdf,Schweizerische Nationalbank und weitere Zentralbanken verlängern Swap-Abkommen mit dem Fed
299,/de/mmr/reference/pre_20090625_2/source/pre_20090625_2.de.pdf,Schweizerische Nationalbank (SNB) stellt weiterhin Liquidität in Schweizer Franken via EUR/CHF-Devisenswaps zur Verfügung
300,/de/mmr/reference/pre_20090622/source/pre_20090622.de.pdf,Emissionsergebnis der SNB Bills in US-Dollar vom 22.6.2009
301,/de/mmr/reference/banks_2008_summary/source/banks_2008_summary.de.pdf,Die Banken in der Schweiz 2008
302,/de/mmr/reference/pre_20090618/source/pre_20090618.de.pdf,Geldpolitische Lagebeurteilung vom 18. Juni 2009
303,/de/mmr/reference/pre_20090608/source/pre_20090608.de.pdf,Emissionsergebnis der SNB Bills in US-Dollar vom 8.6.2009
304,/de/mmr/reference/pre_20090525/source/pre_20090525.de.pdf,Emissionsergebnis der SNB Bills in US-Dollar vom 25.05.2009
305,/de/mmr/reference/pre_20090511/source/pre_20090511.de.pdf,Emissionsergebnis der SNB Bills in US-Dollar vom 11.05.2009
306,/de/mmr/reference/pre_20090508/source/pre_20090508.de.pdf,Zwischenbericht der Schweizerischen Nationalbank per 31. März 2009
307,/de/mmr/reference/pre_20090504/source/pre_20090504.de.pdf,Nationalbank verleiht erste iconomix-Awards
308,/de/mmr/reference/pre_20090427/source/pre_20090427.de.pdf,Emissionsergebnis der SNB Bills in US-Dollar vom 27.04.2009
309,/de/mmr/reference/pre_20090409/source/pre_20090409.de.pdf,Emissionsergebnis der SNB Bills in US-Dollar vom 09.04.2009
310,/de/mmr/reference/pre_20090408/source/pre_20090408.de.pdf,"Nationalbankdirektorium: Philipp Hildebrand wird Präsident, Thomas Jordan Vizepräsident und Jean-Pierre Danthine neues Mitglied"
311,/de/mmr/reference/pre_20090406/source/pre_20090406.de.pdf,Zentralbanken geben erweiterte Swap-Vereinbarungen bekannt
312,/de/mmr/reference/pre_20090403/source/pre_20090403.de.pdf,SNB StabFund schliesst Aktiven-Transfer von der UBS ab
313,/de/mmr/reference/pre_20090330/source/pre_20090330.de.pdf,Emissionsergebnis der SNB Bills in US-Dollar vom 30.03.2009
314,/de/mmr/reference/pre_20090316/source/pre_20090316.de.pdf,Emissionsergebnis der SNB Bills in US-Dollar vom 16.03.2009
315,/de/mmr/reference/pre_20090312/source/pre_20090312.de.pdf,Geldpolitische Lagebeurteilung vom 12. März 2009
316,/de/mmr/reference/pre_20090304/source/pre_20090304.de.pdf,Jahresergebnis 2008 der Schweizerischen Nationalbank
317,/de/mmr/reference/pre_20090302/source/pre_20090302.de.pdf,Emissionsergebnis der SNB Bills in US-Dollar vom 02.03.2009
318,/de/mmr/reference/pre_20090227/source/pre_20090227.de.pdf,Nationalbankpräsident Jean-Pierre Roth tritt auf Ende 2009 zurück
319,/de/mmr/reference/pre_20090216/source/pre_20090216.de.pdf,Emissionsergebnis der SNB Bills in US-Dollar vom 16.02.2009
320,/de/mmr/reference/pre_20090210/source/pre_20090210.de.pdf,SNB-Stabilisierungsfonds – reduzierter Aktiventransfer der UBS
321,/de/mmr/reference/pre_20090203/source/pre_20090203.de.pdf,Zentralbanken führen die Versorgung der Märkte mit US-Dollar-Liquidität weiter
322,/de/mmr/reference/pre_20090202/source/pre_20090202.de.pdf,Nationalbank emittiert SNB Bills in US-Dollar 
323,/de/mmr/reference/pre_20090128/source/pre_20090128.de.pdf,Gemeinsame Massnahmen der Schweizerischen Nationalbank und der Magyar Nemzeti Bank zur Versorgung des Marktes mit Franken-Liquidität
324,/de/mmr/reference/pre_20090116/source/pre_20090116.de.pdf,"Gemeinsame Massnahmen der Schweizerischen Nationalbank, der Europäischen Zentralbank und der Narodowy Bank Polski zur Versorgung des Marktes mit Franken-Liquidität"
325,/de/mmr/reference/pre_20081219_2/source/pre_20081219_2.de.pdf,Operationen der SNB zur Versorgung des Marktes mit US-Dollar-Liquidität im ersten Quartal 2009
326,/de/mmr/reference/pre_20081219_1/source/pre_20081219_1.de.pdf,SNB StabFund übernimmt erste Tranche von UBS-Aktiven
327,/de/mmr/reference/pre_20081218/source/pre_20081218.de.pdf,Direktinvestitionen 2007: Geringere Auslandakquisitionen der schweizerischen Unternehmen 
328,/de/mmr/reference/pre_20081211/source/pre_20081211.de.pdf,Geldpolitische Lagebeurteilung vom 11. Dezember 2008
329,/de/mmr/reference/pre_20081208/source/pre_20081208.de.pdf,Beförderungen bei der Schweizerischen Nationalbank 
330,/de/mmr/reference/pre_20081126_2/source/pre_20081126_2.de.pdf,Nationalbank-Zweckgesellschaft für UBS-Aktiven in der Schweiz
331,/de/mmr/reference/pre_20081120/source/pre_20081120.de.pdf,Weitere Lockerung der Geldpolitik
332,/de/mmr/reference/pre_20081118/source/pre_20081118.de.pdf,Finanzvermögen der privaten Haushalte 2007
333,/de/mmr/reference/pre_20081107/source/pre_20081107.de.pdf,Gemeinsame Massnahmen der Schweizerischen Nationalbank und der Narodowy Bank Polski zur Versorgung des Marktes mit Franken-Liquidität
334,/de/mmr/reference/pre_20081106/source/pre_20081106.de.pdf,Lockerung der Geldpolitik 
335,/de/mmr/reference/pre_20081029/source/pre_20081029.de.pdf,Nationalbank lockert Bedingungen am Geldmarkt weiter
336,/de/mmr/reference/pre_20081024_1/source/pre_20081024_1.de.pdf,Zwischenergebnis der Schweizerischen Nationalbank per 30. September 2008
337,/de/mmr/reference/pre_20081016_1/source/pre_20081016_1.de.pdf,Massnahmen zur Stärkung des Schweizer Finanzsystems
338,/de/mmr/reference/pre_20081015_3/source/pre_20081015_3.de.pdf,Nationalbank emittiert Schuldverschreibungen (SNB Bills) zur Steuerung der Liquidität am Geldmarkt
339,/de/mmr/reference/pre_20081015_4/source/pre_20081015_4.de.pdf,Gemeinsame Massnahmen der Schweizerischen Nationalbank und der Europäischen Zentralbank zur Versorgung des Marktes mit Franken-Liquidität
340,/de/mmr/reference/pre_20081013/source/pre_20081013.de.pdf,Zentralbanken weiten Versorgung mit Dollar-Liquidität nochmals aus
341,/de/mmr/reference/pre_20081008_2/source/pre_20081008_2.de.pdf,Gemeinsame Mitteilung der Zentralbanken
342,/de/mmr/reference/pre_20081007_2/source/pre_20081007_2.de.pdf,Zentralbanken weiten Versorgung mit US-Dollar-Liquidität aus
343,/de/mmr/reference/pre_20080929_3/source/pre_20080929_3.de.pdf,Erhöhung der USD-Swap-Limite mit dem Federal Reserve System der USA
344,/de/mmr/reference/pre_20080929_1/source/pre_20080929_1.de.pdf,Abschluss der Nationalbank-Goldverkäufe
345,/de/mmr/reference/pre_20080926_1/source/pre_20080926_1.de.pdf,Massnahmen der Zentralbanken zur Beruhigung der Geldmärkte am Quartalsende
346,/de/mmr/reference/pre_20080918_3/source/pre_20080918_3.de.pdf,Geldpolitische Lagebeurteilung vom 18. September 2008
347,/de/mmr/reference/pre_20080918_1/source/pre_20080918_1.de.pdf,Massnahmen der Zentralbanken zur Beruhigung der Geldmärkte
348,/de/mmr/reference/balpay_2007_press/source/balpay_2007_press.de.pdf,Die Zahlungsbilanz der Schweiz im Jahr 2007
349,/de/mmr/reference/pre_20080730/source/pre_20080730.de.pdf,Nationalbank bietet US-Dollar-Repo-Operationen mit längeren Laufzeiten an
350,/de/mmr/reference/pre_20080725/source/pre_20080725.de.pdf,Zwischenergebnis und Bilanz der Schweizerischen Nationalbank per 30. Juni 2008
351,/de/mmr/reference/banks_2007_summary/source/banks_2007_summary.de.pdf,Die Banken in der Schweiz 2007
352,/de/mmr/reference/pre_20080619/source/pre_20080619.de.pdf,Geldpolitische Lagebeurteilung vom 19. Juni 2008
353,/de/mmr/reference/pre_20080502_2/source/pre_20080502_2.de.pdf,Nationalbank erhöht Umfang der US-Dollar-Repo-Auktionen
354,/de/mmr/reference/pre_20080502/source/pre_20080502.de.pdf,Zwischenergebnis und Bilanz der Schweizerischen Nationalbank per 31. März 2008
355,/de/mmr/reference/pre_20080418/source/pre_20080418.de.pdf,Nationalbank erneuert US-Dollar-Repo-Auktion
356,/de/mmr/reference/pre_20080415/source/pre_20080415.de.pdf,Financial Stability Forum Recommends Actions to Enhance Market and Institutional Resilience
357,/de/mmr/reference/pre_20080314/source/pre_20080314.de.pdf,"Nationalbank schüttet weiterhin 2,5 Mrd. Gewinn aus"
358,/de/mmr/reference/pre_20080313/source/pre_20080313.de.pdf,Geldpolitische Lagebeurteilung vom 13. März 2008
359,/de/mmr/reference/pre_20080311/source/pre_20080311.de.pdf,Massnahmen der Zentralbanken zur Beruhigung der Geldmärkte
360,/de/mmr/reference/pre_20080125/source/pre_20080125.de.pdf,Jahresergebnis 2007 der Schweizerischen Nationalbank
361,/de/mmr/reference/pre_20080110/source/pre_20080110.de.pdf,Nationalbank bietet erneut Liquidität in US-Dollar an
362,/de/mmr/reference/pre_20071218/source/pre_20071218.de.pdf,Studienzentrum Gerzensee der Schweizerischen Nationalbank – Wechsel in der Leitung
363,/de/mmr/reference/pre_20071213/source/pre_20071213.de.pdf,Geldpolitische Lagebeurteilung vom 13. Dezember 2007
364,/de/mmr/reference/pre_20071212/source/pre_20071212.de.pdf,Nationalbank bietet Liquidität in US-Dollar an
365,/de/mmr/reference/pre_20071210/source/pre_20071210.de.pdf,Beförderungen bei der Schweizerischen Nationalbank
366,/de/mmr/reference/pre_20071203/source/pre_20071203.de.pdf,Schweizerfranken-Geldmarkt: Liquiditätsversorgung über das Jahresende
367,/de/mmr/reference/pre_20071120/source/pre_20071120.de.pdf,Finanzvermögen der privaten Haushalte 2006
368,/de/mmr/reference/pre_20071031/source/pre_20071031.de.pdf,"""iconomix"" - Ökonomie entdecken"
369,/de/mmr/reference/pre_20071026/source/pre_20071026.de.pdf,Zwischenergebnis und Bilanz der Schweizerischen Nationalbank per 30. September 2007
370,/de/mmr/reference/pre_20070928/source/pre_20070928.de.pdf,Goldverkäufe der Schweizerischen Nationalbank
371,/de/mmr/reference/pre_20070925/source/pre_20070925.de.pdf,Umsätze auf den Devisen- und Derivatmärkten in der Schweiz - Erhebung 2007
372,/de/mmr/reference/pre_20070913/source/pre_20070913.de.pdf,Geldpolitische Lagebeurteilung vom 13. September 2007
373,/de/mmr/reference/balpay_2006_press/source/balpay_2006_press.de.pdf,Die Zahlungsbilanz der Schweiz im Jahr 2006
374,/de/mmr/reference/pre_20070814/source/pre_20070814.de.pdf,Die Nationalbank erweitert den Kreis der notenbankfähigen Wertschriften
375,/de/mmr/reference/pre_20070727/source/pre_20070727.de.pdf,Zwischenergebnis und Bilanz der Schweizerischen Nationalbank per 30. Juni 2007
376,/de/mmr/reference/pre_20070621/source/pre_20070621.de.pdf,Festschrift Die Schweizerische Nationalbank 1907-2007
377,/de/mmr/reference/pre_20070619/source/pre_20070619.de.pdf,EBK und SNB unterzeichnen Memorandum of Understanding
378,/de/mmr/reference/banks_2006_summary/source/banks_2006_summary.de.pdf,Die Banken in der Schweiz 2006
379,/de/mmr/reference/pre_20070614_1/source/pre_20070614_1.de.pdf,Geldpolitische Lagebeurteilung vom 14. Juni 2007
380,/de/mmr/reference/pre_20070614_2/source/pre_20070614_2.de.pdf,Schweizerische Nationalbank: Anpassung der Struktur der Währungsreserven
381,/de/mmr/reference/pre_20070531/source/pre_20070531.de.pdf,Tagung der Zentralbankgouverneure der französischsprachigen Länder in Bern
382,/de/mmr/reference/pre_20070504/source/pre_20070504.de.pdf,Zwischenergebnis und Bilanz der Schweizerischen Nationalbank per 31. März 2007
383,/de/mmr/reference/pre_20070402/source/pre_20070402.de.pdf,Die Schweizerische Nationalbank mit neuer Website
384,/de/mmr/reference/pre_20070315/source/pre_20070315.de.pdf,Geldpolitische Lagebeurteilung vom 15. März 2007
385,/de/mmr/reference/pre_20070226/source/pre_20070226.de.pdf,Vorbereitung einer neuen Schweizer Banknotenserie
386,/de/mmr/reference/pre_20070222/source/pre_20070222.de.pdf,Sondermünzen und Sondermarken zum 100-Jahre-Jubiläum der Nationalbank
387,/de/mmr/reference/pre_20060215/source/pre_20060215.de.pdf,Nationalbank veröffentlicht historische Zeitreihen
388,/de/mmr/reference/pre_20070126/source/pre_20070126.de.pdf,Jahresergebnis 2006 der Schweizerischen Nationalbank
389,/de/mmr/reference/pre_20070109/source/pre_20070109.de.pdf,Schweiz tritt Financial Stability Forum bei
390,/de/mmr/reference/pre_20061214/source/pre_20061214.de.pdf,Geldpolitische Lagebeurteilung am Jahresende
391,/de/mmr/reference/pre_20061208/source/pre_20061208.de.pdf,Dewet Moser vom Bundesrat zum neuen Stellvertretenden Direktoriumsmitglied ernannt
392,/de/mmr/reference/pre_20061204/source/pre_20061204.de.pdf,Beförderungen bei der Schweizerischen Nationalbank
393,/de/mmr/reference/pre_20061201/source/pre_20061201.de.pdf,Nationalbankgebäude Lugano: Bankrat bestätigt Verkauf an Wegelin & Co.
394,/de/mmr/reference/pre_20061121/source/pre_20061121.de.pdf,Finanzierungsrechnung der Schweiz 2004
395,/de/mmr/reference/pre_20061108/source/pre_20061108.de.pdf,Nationalbankdirektorium: Philipp Hildebrand Vizepräsident - Thomas Jordan neues Mitglied
396,/de/mmr/reference/pre_20061106/source/pre_20061106.de.pdf,Neuer Leiter Asset Management der Schweizerischen Nationalbank
397,/de/mmr/reference/pre_20061027_2/source/pre_20061027_2.de.pdf,Nationalbank verkauft Bankgebäude Lugano
398,/de/mmr/reference/pre_20061027/source/pre_20061027.de.pdf,Zwischenergebnis und Bilanz der Schweizerischen Nationalbank per 30. September 2006
399,/de/mmr/reference/pre_20060925/source/pre_20060925.de.pdf,Stellungnahme zum Abstimmungsergebnis vom 24. September 2006
400,/de/mmr/reference/pre_20060914/source/pre_20060914.de.pdf,Geldpolitische Lagebeurteilung
401,/de/mmr/reference/pre_20060818/source/pre_20060818.de.pdf,SNB-Vizepräsident Niklaus Blattner tritt im Frühjahr 2007 zurück
402,/de/mmr/reference/balpay_2005_press/source/balpay_2005_press.de.pdf,Medienmitteilung: Zahlungsbilanz der Schweiz
403,/de/mmr/reference/pre_20060728/source/pre_20060728.de.pdf,Zwischenergebnis und Bilanz der Schweizerischen Nationalbank per 30. Juni 2006
404,/de/mmr/reference/pre_20060615/source/pre_20060615.de.pdf,Geldpolitische Lagebeurteilung zur Jahresmitte
405,/de/mmr/reference/banks_2005_summary/source/banks_2005_summary.de.pdf,Die Banken in der Schweiz 2005
406,/de/mmr/reference/pre_20060505/source/pre_20060505.de.pdf,Zwischenergebnis und Bilanz der Schweizerischen Nationalbank per 31. März 2006
407,/de/mmr/reference/pre_20060316/source/pre_20060316.de.pdf,Geldpolitische Lagebeurteilung
408,/de/mmr/reference/pre_20060217/source/pre_20060217.de.pdf,Rechenschaftsbericht 2005 der Schweizerischen Nationalbank
409,/de/mmr/reference/pre_20060206/source/pre_20060206.de.pdf,Krisenvorsorge und Krisenbewältigung am Finanzplatz
410,/de/mmr/reference/pre_20060127/source/pre_20060127.de.pdf,Jahresergebnis 2005 der Schweizerischen Nationalbank
411,/de/mmr/reference/pre_20060109/source/pre_20060109.de.pdf,SNB-Präsident Roth wird BIZ-Verwaltungsratspräsident
412,/de/mmr/reference/pre_20051215/source/pre_20051215.de.pdf,Geldpolitische Lagebeurteilung am Jahresende
413,/de/mmr/reference/pre_20051123/source/pre_20051123.de.pdf,Nationalbank präsentiert Banknotenentwürfe
414,/de/mmr/reference/pre_20051103/source/pre_20051103.de.pdf,Erste Finanzierungsrechnung der Schweiz
415,/de/mmr/reference/pre_20051028/source/pre_20051028.de.pdf,Zwischenergebnis und Bilanz der Schweizerischen Nationalbank per 30. September 2005
416,/de/mmr/reference/pre_20051024/source/pre_20051024.de.pdf,Nationalbank konzentriert Bargeldverarbeitung weiter
417,/de/mmr/reference/pre_20050915/source/pre_20050915.de.pdf,Geldpolitische Lagebeurteilung
418,/de/mmr/reference/balpay_2004_press/source/balpay_2004_press.de.pdf,Medienmitteilung: Zahlungsbilanz der Schweiz
419,/de/mmr/reference/pre_20050729/source/pre_20050729.de.pdf,Zwischenergebnis und Bilanz der Schweizerischen Nationalbank per 30. Juni 2005
420,/de/mmr/reference/pre_20050616/source/pre_20050616.de.pdf,Geldpolitische Lagebeurteilung zur Jahresmitte
421,/de/mmr/reference/banks_2004_summary/source/banks_2004_summary.de.pdf,Die Banken in der Schweiz im Jahr 2004
422,/de/mmr/reference/pre_20050503/source/pre_20050503.de.pdf,Zwischenergebnis und Bilanz der Schweizerischen Nationalbank per 31. März 2005
423,/de/mmr/reference/pre_20050317/source/pre_20050317.de.pdf,Geldpolitische Lagebeurteilung
424,/de/mmr/reference/pre_20050225/source/pre_20050225.de.pdf,Nationalbank schüttet Erlös aus Goldverkäufen ab Mai 2005 aus
425,/de/mmr/reference/pre_20050218/source/pre_20050218.de.pdf,Rechenschaftsbericht 2004 der Nationalbank
426,/de/mmr/reference/pre_20050202/source/pre_20050202.de.pdf,Nationalbank bereitet neue Banknotenserie vor
427,/de/mmr/reference/pre_20050128/source/pre_20050128.de.pdf,Jahresergebnis 2004 der Schweizerischen Nationalbank
428,/de/mmr/reference/pre_20041216/source/pre_20041216.de.pdf,Geldpolitische Lagebeurteilung am Jahresende
429,/de/mmr/reference/pre_20041206/source/pre_20041206.de.pdf,Walter Näf neuer Delegierter der Nationalbank für Wirtschaftskontakte in der Zentralschweiz
430,/de/mmr/reference/pre_20041206_2/source/pre_20041206_2.de.pdf,Beförderungen bei der Schweizerischen Nationalbank
431,/de/mmr/reference/pre_20040928/source/pre_20040928.de.pdf,Umsätze auf den Devisen- und Derivatmärkten in der Schweiz - Erhebung 2004
432,/de/mmr/reference/pre_20040924/source/pre_20040924.de.pdf,Letzte Tranche der Goldverkäufe
433,/de/mmr/reference/pre_20040916/source/pre_20040916.de.pdf,Geldpolitische Lagebeurteilung
434,/de/mmr/reference/pre_20040826/source/pre_20040826.de.pdf,Margrit Hardegger Lennemann neue Delegierte der Nationalbank für Wirtschaftskontakte in Zürich
435,/de/mmr/reference/balpay_2003_press/source/balpay_2003_press.de.pdf,Medienmitteilung: Zahlungsbilanz der Schweiz
436,/de/mmr/reference/banks_2003_summary/source/banks_2003_summary.de.pdf,Die Banken in der Schweiz im Jahre 2003
437,/de/mmr/reference/pre_20040617/source/pre_20040617.de.pdf,Geldpolitische Lagebeurteilung zur Jahresmitte
438,/de/mmr/reference/pre_20040503/source/pre_20040503.de.pdf,Nationalbank publiziert Richtlinien über das geldpolitische Instrumentarium
439,/de/mmr/reference/pre_20040428/source/pre_20040428.de.pdf,Neuer Stellvertreter des Vorstehers des III. Departements
440,/de/mmr/reference/pre_20040421/source/pre_20040421.de.pdf,Neue Berichterstattung über die Umsetzung der Geldpolitik und den Geschäftsgang
441,/de/mmr/reference/pre_20040407/source/pre_20040407.de.pdf,Jahresabschluss und Geschäftsbericht 2003 der Schweizerischen Nationalbank
442,/de/mmr/reference/pre_20040401_aus/source/pre_20040401_aus.de.pdf,Ausweis vom 31. März 2004
443,/de/mmr/reference/pre_20040324/source/pre_20040324.de.pdf,Nationalbankgesetz tritt auf 1. Mai 2004 in Kraft
444,/de/mmr/reference/pre_20040318/source/pre_20040318.de.pdf,Geldpolitische Lagebeurteilung
445,/de/mmr/reference/pre_20040213/source/pre_20040213.de.pdf,Bestellung des künftigen Bankrats
446,/de/mmr/reference/pre_20040119/source/pre_20040119.de.pdf,Marco Föllmi wird neuer Delegierter der Nationalbank für Wirtschaftskontakte in Genf
447,/de/mmr/reference/pre_20040106_aus/source/pre_20040106_aus.de.pdf,Ausweis vom 31. Dezember 2003 und Jahresergebnis 2003 der Schweizerischen Nationalbank
448,/de/mmr/reference/pre_20031212/source/pre_20031212.de.pdf,Geldpolitische Lagebeurteilung am Jahresende
449,/de/mmr/reference/nbg_20031212/source/nbg_20031212.de.pdf,Ausführungen zum neuen Nationalbankgesetz an der Medienkonferenz vom 12. Dezember 2003
450,/de/mmr/reference/pre_20031117/source/pre_20031117.de.pdf,Beförderungen bei der Schweizerischen Nationalbank
451,/de/mmr/reference/pre_20031104/source/pre_20031104.de.pdf,Verordnung zum revidierten Nationalbankgesetz - Vernehmlassung
452,/de/mmr/reference/pre_20031001_aus/source/pre_20031001_aus.de.pdf,Ausweis vom 30. September 2003
453,/de/mmr/reference/pre_20030926/source/pre_20030926.de.pdf,Nächste Tranche der Goldverkäufe
454,/de/mmr/reference/pre_20030918/source/pre_20030918.de.pdf,Geldpolitische Lagebeurteilung
455,/de/mmr/reference/balpay_2002_press/source/balpay_2002_press.de.pdf,Medienmitteilung: Zahlungsbilanz der Schweiz
456,/de/mmr/reference/pre_20030701_aus/source/pre_20030701_aus.de.pdf,Ausweis vom 30. Juni 2003
457,/de/mmr/reference/pre_20030613/source/pre_20030613.de.pdf,Geldpolitische Lagebeurteilung zur Jahresmitte
458,/de/mmr/reference/pre_20030613_2/source/pre_20030613_2.de.pdf,Zusätzliche Nationalbankgewinnausschüttung an Bund und Kantone
459,/de/mmr/reference/banks_2002_summary/source/banks_2002_summary.de.pdf,Die Banken in der Schweiz im Jahre 2002
460,/de/mmr/reference/pre_20030408/source/pre_20030408.de.pdf,Bericht der G10 zu Kollektivklauseln in Anleihensverträgen von Staaten
461,/de/mmr/reference/pre_20030403/source/pre_20030403.de.pdf,Jahresabschluss und Geschäftsbericht 2002 der Schweizerischen Nationalbank
462,/de/mmr/reference/pre_20030401_aus/source/pre_20030401_aus.de.pdf,Ausweis vom 31. März 2003
463,/de/mmr/reference/pre_20030320/source/pre_20030320.de.pdf,Geldpolitische Lagebeurteilung
464,/de/mmr/reference/pre_20030306/source/pre_20030306.de.pdf,"Schweizerische Nationalbank senkt Zielband für den Dreimonats-Libor um 0,5 Prozentpunkte auf 0%–0,75%"
465,/de/mmr/reference/pre_20030205/source/pre_20030205.de.pdf,Umbau des Sitzes Zürich der Schweizerischen Nationalbank
466,/de/mmr/reference/pre_20030120/source/pre_20030120.de.pdf,Thomas Kübler zum neuen Leiter der Zweiganstalt Basel ernannt
467,/de/mmr/reference/pre_20030103_aus/source/pre_20030103_aus.de.pdf,Ausweis vom 31. Dezember 2002 und Jahresergebnis 2002 der Schweizerischen Nationalbank
468,/de/mmr/reference/pre_20021220/source/pre_20021220.de.pdf,Bruno Gehrig verlässt die Nationalbank Mitte 2003
469,/de/mmr/reference/pre_20021213/source/pre_20021213.de.pdf,Geldpolitische Lagebeurteilung am Jahresende
470,/de/mmr/reference/pre_20021118/source/pre_20021118.de.pdf,Beförderungen bei der Schweizerischen Nationalbank
471,/de/mmr/reference/pre_20020926/source/pre_20020926.de.pdf,Nächste Tranche der Goldverkäufe
472,/de/mmr/reference/pre_20020919/source/pre_20020919.de.pdf,Geldpolitische Lagebeurteilung
473,/de/mmr/reference/balpay_2001_press/source/balpay_2001_press.de.pdf,Medienmitteilung: Zahlungsbilanz der Schweiz
474,/de/mmr/reference/pre_20020726/source/pre_20020726.de.pdf,"Schweizerische Nationalbank senkt Zinszielband um 0,5 Prozentpunkte auf 0,25%-1,25 %"
475,/de/mmr/reference/pre_20020614/source/pre_20020614.de.pdf,Geldpolitische Lagebeurteilung zur Jahresmitte
476,/de/mmr/reference/banks_2001_summary/source/banks_2001_summary.de.pdf,Die Banken in der Schweiz im Jahre 2001
477,/de/mmr/reference/pre_20020502/source/pre_20020502.de.pdf,"Schweizerische Nationalbank senkt Zinszielband um 0,5 Prozentpunkte"
478,/de/mmr/reference/pre_20020404/source/pre_20020404.de.pdf,Geschäftsbericht 2001 der Schweizerischen Nationalbank
479,/de/mmr/reference/pre_20020327/source/pre_20020327.de.pdf,Neue Informationsmittel der Schweizerischen Nationalbank
480,/de/mmr/reference/pre_20020321/source/pre_20020321.de.pdf,Geldpolitische Lagebeurteilung
481,/de/mmr/reference/pre_20020308/source/pre_20020308.de.pdf,Nationalbank schüttet 1 Milliarde Franken mehr aus
482,/de/mmr/reference/pre_20011207/source/pre_20011207.de.pdf,Geldpolitische Lagebeurteilung am Jahresende
483,/de/mmr/reference/pre_20011126/source/pre_20011126.de.pdf,Beförderungen bei der Schweizerischen Nationalbank
484,/de/mmr/reference/pre_20011010/source/pre_20011010.de.pdf,Umsätze auf den Devisen- und Derivatmärkten in der Schweiz - Erhebung 2001
485,/de/mmr/reference/pre_20010925/source/pre_20010925.de.pdf,Nächste Tranche der Goldverkäufe
486,/de/mmr/reference/pre_20010924/source/pre_20010924.de.pdf,Schweizerische Nationalbank senkt Zinszielband
487,/de/mmr/reference/pre_20010917/source/pre_20010917.de.pdf,Geldpolitische Lagebeurteilung
488,/de/mmr/reference/balpay_2000_press/source/balpay_2000_press.de.pdf,Medienmitteilung: Zahlungsbilanz der Schweiz
489,/de/mmr/reference/pre_20010713/source/pre_20010713.de.pdf,Stellungnahme der SNB zur Totalrevision des Nationalbankgesetzes
490,/de/mmr/reference/pre_20010627/source/pre_20010627.de.pdf,Neuer Stellvertreter des Vorstehers des I. Departements
491,/de/mmr/reference/pre_20010614/source/pre_20010614.de.pdf,Geldpolitische Lagebeurteilung zur Jahresmitte
492,/de/mmr/reference/banks_2000_summary/source/banks_2000_summary.de.pdf,Die Banken in der Schweiz im Jahre 2000
493,/de/mmr/reference/pre_20010406/source/pre_20010406.de.pdf,SNB-Chefökonom Georg Rich tritt Ende November in den Ruhestand
494,/de/mmr/reference/pre_20010403/source/pre_20010403.de.pdf,Geschäftsbericht 2000 der Schweizerischen Nationalbank
495,/de/mmr/reference/pre_20010323/source/pre_20010323.de.pdf,Nächste Tranche der Goldverkäufe
496,/de/mmr/reference/pre_20010322/source/pre_20010322.de.pdf,Geldpolitische Beschlüsse vom 22. März 2001
497,/de/mmr/reference/pre_20001220/source/pre_20001220.de.pdf,Neuer Direktor der Zweiganstalt Lugano
498,/de/mmr/reference/pre_20001208/source/pre_20001208.de.pdf,Geldpolitische Lagebeurteilung am Jahresende
499,/de/mmr/reference/pre_20001127/source/pre_20001127.de.pdf,Ernennungen bei der Schweizerischen Nationalbank
500,/de/mmr/reference/pre_20000927/source/pre_20000927.de.pdf,Nationalbank setzt Goldverkäufe fort
501,/de/mmr/reference/pre_20000914/source/pre_20000914.de.pdf,Geldpolitische Beschlüsse für das 4. Quartal 2000
502,/de/mmr/reference/pre_20000905/source/pre_20000905.de.pdf,"Stellungnahme zur ""List of Offshore Financial Centres"" des Financial Stability Forum"
503,/de/mmr/reference/balpay_1999_press/source/balpay_1999_press.de.pdf,Medienmitteilung: Zahlungsbilanz der Schweiz
504,/de/mmr/reference/pre_20000630/source/pre_20000630.de.pdf,Rücktritt des Präsidenten des Direktoriums
505,/de/mmr/reference/pre_20000615/source/pre_20000615.de.pdf,Geldpolitische Beschlüsse für das 3. Quartal 2000
506,/de/mmr/reference/banks_1999_summary/source/banks_1999_summary.de.pdf,Die Banken in der Schweiz im Jahre 1999
507,/de/mmr/reference/pre_20000504/source/pre_20000504.de.pdf,"Nationalbank überweist 244,3 Millionen an Fonds für Elementarschäden"
508,/de/mmr/reference/pre_20000502/source/pre_20000502.de.pdf,Nationalbank nimmt Goldverkäufe auf
509,/de/mmr/reference/pre_20000428/source/pre_20000428.de.pdf,Nationalbank ruft Banknoten-Serie aus den siebziger Jahren zurück
510,/de/mmr/reference/pre_20000407/source/pre_20000407.de.pdf,Geschäftsergebnis 1999 der Schweizerischen Nationalbank
511,/de/mmr/reference/pre_20000323/source/pre_20000323.de.pdf,Geldpolitische Beschlüsse für das 2. Quartal 2000
512,/de/mmr/reference/pre_20000203/source/pre_20000203.de.pdf,Erhöhung des Zinsbandes der Schweizerischen Nationalbank
513,/de/mmr/reference/pre_20000120/source/pre_20000120.de.pdf,Zinsanpassung der Schweizerischen Nationalbank
514,/de/mmr/reference/pre_19991213/source/pre_19991213.de.pdf,Einführung des Swiss Annex für den Schweizer Repo-Markt
515,/de/mmr/reference/pre_19991210/source/pre_19991210.de.pdf,Geldpolitische Beschlüsse der Schweizerischen Nationalbank für das Jahr 2000
516,/de/mmr/reference/pre_19991122/source/pre_19991122.de.pdf,Beförderungen bei der Schweizerischen Nationalbank
517,/de/mmr/reference/pre_19990923/source/pre_19990923.de.pdf,Rücknahmefrist von Banknoten läuft ab
518,/de/mmr/reference/pre_19990908/source/pre_19990908.de.pdf,Nationalbank führt Intraday-Liquidität ein
519,/de/mmr/reference/balpay_1998_press/source/balpay_1998_press.de.pdf,Medienmitteilung: Zahlungsbilanz der Schweiz
520,/de/mmr/reference/banks_1998_summary/source/banks_1998_summary.de.pdf,Die Banken in der Schweiz im Jahre 1998
521,/de/mmr/reference/pre_19990409/source/pre_19990409.de.pdf,Senkung des Diskontsatzes
522,/de/mmr/reference/pre_19990401/source/pre_19990401.de.pdf,Geschäftsergebnis 1998 der Schweizerischen Nationalbank
523,/de/mmr/reference/pre_19990325/source/pre_19990325.de.pdf,Goldtransaktionen der SNB im Zweiten Weltkrieg - Währungspolitische Hintergründe
524,/de/mmr/reference/pre_19981211/source/pre_19981211.de.pdf,Geldpolitische Beschlüsse der Schweizerischen Nationalbank für 1999
525,/de/mmr/reference/pre_19981203/source/pre_19981203.de.pdf,Währungshilfe an Brasilien: Schweiz für Aktivierung der Neuen Kreditvereinbarungen
526,/de/mmr/reference/pre_19981123/source/pre_19981123.de.pdf,Beförderungen bei der Schweizerischen Nationalbank
527,/de/mmr/reference/pre_19981027/source/pre_19981027.de.pdf,Aktuelle Informationen zum Repo-Geschäft
528,/de/mmr/reference/pre_19980929/source/pre_19980929.de.pdf,Umsätze auf den Devisen- und Derivatmärkten in der Schweiz - Erhebung 1998
529,/de/mmr/reference/pre_19980923/source/pre_19980923.de.pdf,Neue 100-Franken-Note ab Oktober 1998 erhältlich
530,/de/mmr/reference/balpay_1997_press/source/balpay_1997_press.de.pdf,Medienmitteilung: Zahlungsbilanz der Schweiz
531,/de/mmr/reference/pre_19980821_a/source/pre_19980821_a.de.pdf,Nationalbank leistet keinen Beitrag an Bankenvergleich
532,/de/mmr/reference/pre_19980721_b/source/pre_19980721_b.de.pdf,Russlandhilfe: Schweiz für Rückgriff des IWF auf Allgemeine Kreditvereinbarungen
533,/de/mmr/reference/banks_1997_summary/source/banks_1997_summary.de.pdf,Die Banken in der Schweiz im Jahre 1997
534,/de/mmr/reference/pre_19980525/source/pre_19980525.de.pdf,Goldtransaktionen der Nationalbank im Zweiten Weltkrieg - Stellungnahme zum Zwischenbericht der Expertenkommission
535,/de/mmr/reference/pre_19980519/source/pre_19980519.de.pdf,Nationalbank-Studienzentrum Gerzensee unter neuer Leitung
536,/de/mmr/reference/pre_19980514/source/pre_19980514.de.pdf,Vorwurf des Antisemitismus bei Jacob Burckhardt - Die Nationalbank nimmt Stellung
537,/de/mmr/reference/pre_19980409/source/pre_19980409.de.pdf,SNB schüttet deutlich mehr Gewinn aus
538,/de/mmr/reference/pre_19980403/source/pre_19980403.de.pdf,Nationalbank stellt sich gegen allfällige Sammelklage in den USA
539,/de/mmr/reference/pre_19980401/source/pre_19980401.de.pdf,Geschäftsergebnis 1997 der Schweizerischen Nationalbank
540,/de/mmr/reference/pre_19980325/source/pre_19980325.de.pdf,Neue 1000-Franken-Note der Nationalbank erscheint im April
541,/de/mmr/reference/pre_19980216/source/pre_19980216.de.pdf,Neuer Generalsekretär der Nationalbank
542,/de/mmr/reference/pre_19980216_b/source/pre_19980216_b.de.pdf,Nationalbank konzipiert Bargeldverkehr neu
543,/de/mmr/reference/pre_19980120/source/pre_19980120.de.pdf,Neuer Stellvertreter des III. Departements
544,/de/mmr/reference/pre_19971212/source/pre_19971212.de.pdf,Geldpolitische Beschlüsse der Schweizerischen Nationalbank für 1998
545,/de/mmr/reference/balpay_1996_press/source/balpay_1996_press.de.pdf,Medienmitteilung: Zahlungsbilanz der Schweiz
546,/de/mmr/reference/banks_1996_summary/source/banks_1996_summary.de.pdf,Die Banken in der Schweiz im Jahre 1996
