Einheit,Geschieden,Ledig,Verheiratet,Wervitwet
- Aargau,50715,276123,296940,29873
- Appenzell Ausserrhoden,4496,23055,24117,2875
- Appenzell Innerrhoden,814,7338,6971,851
- Basel-Landschaft,22994,113105,131580,15539
- Basel-Stadt,18693,89611,72481,11023
- Bern / Berne,84364,437186,439372,56513
- Fribourg / Freiburg,23511,138940,131592,13403
- Genève,46072,224586,193557,20496
- Glarus,3066,16607,18015,2338
- Graubünden / Grigioni / Grischun,14957,83298,87623,10724
- Jura,5786,31049,31408,4538
- Luzern,26541,181455,172144,18613
- Neuchâtel,17812,77637,72766,9890
- Nidwalden,3176,18392,18905,1946
- Obwalden,2311,16432,16562,1771
- Schaffhausen,6819,32404,35972,4638
- Schwyz,11639,66828,68701,6920
- Solothurn,22767,110681,118459,14499
- St. Gallen,39145,215628,219912,24365
- Thurgau,22240,113225,119530,12428
- Ticino,28986,146039,155489,21428
- Uri,1751,15323,16871,2027
- Valais / Wallis,26205,142216,149122,18131
- Vaud,65726,353300,319635,34632
- Zug,9147,53320,54888,4774
- Zürich,125889,666873,610396,63173
......0001 Aeugst am Albis,147,852,908,74
......0002 Affoltern am Albis,1004,5000,5159,545
......0003 Bonstetten,383,2336,2452,154
......0004 Hausen am Albis,317,1433,1596,131
......0005 Hedingen,294,1559,1690,117
......0006 Kappel am Albis,81,454,460,38
......0007 Knonau,161,897,970,69
......0008 Maschwanden,44,292,279,26
......0009 Mettmenstetten,355,2016,2168,130
......0010 Obfelden,332,2091,2401,185
......0011 Ottenbach,242,1031,1209,87
......0012 Rifferswil,77,461,486,33
......0013 Stallikon,275,1410,1678,92
......0014 Wettswil am Albis,364,1953,2409,194
......0021 Adlikon,44,271,317,30
......0022 Benken (ZH),87,359,378,36
......0023 Berg am Irchel,48,213,291,21
......0024 Buch am Irchel,69,435,437,25
......0025 Dachsen,137,810,967,74
......0026 Dorf,29,243,337,15
......0027 Feuerthalen,286,1497,1597,187
......0028 Flaach,82,567,635,74
......0029 Flurlingen,103,626,638,71
......0030 Andelfingen,150,937,995,88
......0031 Henggart,150,934,1088,76
......0032 Humlikon,21,208,257,18
......0033 Kleinandelfingen,172,846,985,79
......0034 Laufen-Uhwiesen,117,622,809,85
......0035 Marthalen,164,814,904,74
......0036 Oberstammheim,88,482,545,59
......0037 Ossingen,123,589,656,58
......0038 Rheinau,126,515,611,69
......0039 Thalheim an der Thur,78,407,396,23
......0040 Trüllikon,76,393,496,50
......0041 Truttikon,32,194,226,21
......0042 Unterstammheim,69,411,408,38
......0043 Volken,14,148,164,13
......0044 Waltalingen,53,254,335,36
......0051 Bachenbülach,342,1648,1867,176
......0052 Bassersdorf,951,4963,5277,389
......0053 Bülach,1628,8504,8456,804
......0054 Dietlikon,647,3178,3450,350
......0055 Eglisau,332,2078,2436,178
......0056 Embrach,775,3849,4166,349
......0057 Freienstein-Teufen,183,907,1142,72
......0058 Glattfelden,400,2153,2224,178
......0059 Hochfelden,129,822,978,65
......0060 Höri,206,1066,1259,114
......0061 Hüntwangen,84,385,509,36
......0062 Kloten,1947,7935,7743,825
......0063 Lufingen,149,879,979,64
......0064 Nürensdorf,494,2121,2612,240
......0065 Oberembrach,87,463,486,43
......0066 Opfikon,1575,8653,7741,643
......0067 Rafz,306,1779,2084,175
......0068 Rorbas,207,1215,1238,83
......0069 Wallisellen,1295,6909,6798,659
......0070 Wasterkingen,51,211,282,29
......0071 Wil (ZH),97,540,676,67
......0072 Winkel,391,1711,1978,166
......0081 Bachs,45,216,302,22
......0082 Boppelsen,80,561,633,49
......0083 Buchs (ZH),547,2777,2796,174
......0084 Dällikon,342,1630,1843,137
......0085 Dänikon,147,767,928,48
......0086 Dielsdorf,516,2444,2721,240
......0087 Hüttikon,60,345,446,30
......0088 Neerach,301,1151,1477,118
......0089 Niederglatt,435,2016,2124,193
......0090 Niederhasli,780,3869,4141,309
......0091 Niederweningen,206,1217,1348,82
......0092 Oberglatt,597,3173,2869,179
......0093 Oberweningen,145,731,871,52
......0094 Otelfingen,198,1183,1303,100
......0095 Regensberg,51,185,213,19
......0096 Regensdorf,1576,7595,8090,772
......0097 Rümlang,700,3327,3411,335
......0098 Schleinikon,59,323,309,31
......0099 Schöfflisdorf,122,528,678,68
......0100 Stadel,213,923,980,89
......0101 Steinmaur,286,1444,1514,151
......0102 Weiach,142,551,621,65
......0111 Bäretswil,420,2090,2272,192
......0112 Bubikon,545,2932,3274,268
......0113 Dürnten,594,3129,3416,282
......0114 Fischenthal,188,1071,1070,91
......0115 Gossau (ZH),804,3980,4581,391
......0116 Grüningen,327,1404,1508,132
......0117 Hinwil,915,4464,4928,541
......0118 Rüti (ZH),1059,5131,5245,612
......0119 Seegräben,96,637,664,35
......0120 Wald (ZH),759,3943,4276,468
......0121 Wetzikon (ZH),2118,10802,10382,1104
......0131 Adliswil,1505,7928,8302,870
......0132 Hirzel,127,909,1013,99
......0133 Horgen,1659,8444,9100,1002
......0134 Hütten,69,403,387,39
......0135 Kilchberg (ZH),669,3581,3438,407
......0136 Langnau am Albis,584,2980,3496,392
......0137 Oberrieden,443,2024,2287,283
......0138 Richterswil,1133,5618,5917,529
......0139 Rüschlikon,442,2384,2567,280
......0140 Schönenberg (ZH),123,753,899,89
......0141 Thalwil,1522,7759,7685,777
......0142 Wädenswil,1956,9176,9463,1026
......0151 Erlenbach (ZH),427,2337,2458,248
......0152 Herrliberg,496,2571,2928,299
......0153 Hombrechtikon,727,3486,3842,430
......0154 Küsnacht (ZH),1166,5651,6158,855
......0155 Männedorf,906,4395,4793,499
......0156 Meilen,1163,5509,6114,744
......0157 Oetwil am See,411,2022,2088,147
......0158 Stäfa,1295,5685,6499,699
......0159 Uetikon am See,471,2446,2791,280
......0160 Zumikon,431,1971,2480,290
......0161 Zollikon,1132,5343,5534,743
......0172 Fehraltorf,561,2621,2905,220
......0173 Hittnau,274,1565,1659,116
......0174 Illnau-Effretikon,1455,6780,7343,748
......0175 Kyburg,38,175,173,21
......0176 Lindau,395,2164,2608,216
......0177 Pfäffikon,987,4768,5131,567
......0178 Russikon,331,1693,2083,185
......0180 Weisslingen,249,1316,1566,130
......0181 Wila,184,798,857,92
......0182 Wildberg,93,412,455,46
......0191 Dübendorf,2477,11914,11280,1171
......0192 Egg,786,3364,3855,383
......0193 Fällanden,789,3581,3658,326
......0194 Greifensee,464,2266,2440,204
......0195 Maur,845,4052,4596,396
......0196 Mönchaltorf,351,1433,1740,153
......0197 Schwerzenbach,433,2207,2161,200
......0198 Uster,2973,15031,14490,1392
......0199 Volketswil,1611,7796,8500,628
......0200 Wangen-Brüttisellen,656,3286,3550,234
......0211 Altikon,46,259,326,24
......0213 Brütten,164,826,945,81
......0214 Dägerlen,55,438,493,28
......0215 Dättlikon,41,302,372,30
......0216 Dinhard,95,569,759,71
......0217 Elgg,371,1739,1893,215
......0218 Ellikon an der Thur,51,355,446,33
......0219 Elsau,250,1384,1684,161
......0220 Hagenbuch,94,475,512,22
......0221 Hettlingen,182,1310,1500,122
......0222 Hofstetten (ZH),33,214,215,19
......0223 Neftenbach,418,2346,2558,191
......0224 Pfungen,304,1638,1707,108
......0225 Rickenbach (ZH),190,1062,1229,117
......0226 Schlatt (ZH),45,319,340,34
......0227 Seuzach,612,2780,3411,408
......0228 Turbenthal,391,1809,2086,186
......0230 Winterthur,9195,50910,43225,4931
......0231 Zell (ZH),485,2331,2627,257
......0241 Aesch (ZH),92,482,565,58
......0242 Birmensdorf (ZH),489,2653,2841,271
......0243 Dietikon,2205,11629,11732,1145
......0244 Geroldswil,469,1958,2239,202
......0245 Oberengstringen,668,2712,2821,371
......0246 Oetwil an der Limmat,249,939,1057,124
......0247 Schlieren,1472,8136,8086,755
......0248 Uitikon,321,1600,1990,201
......0249 Unterengstringen,337,1468,1670,173
......0250 Urdorf,830,4074,4368,416
......0251 Weiningen (ZH),417,1868,2060,168
......0261 Zürich,35685,210175,134084,16993
......0297 Bauma,382,1988,2256,215
......0298 Wiesendangen,399,2460,3058,309
......0301 Aarberg,340,1989,1972,228
......0302 Bargen (BE),71,389,476,59
......0303 Grossaffoltern,201,1239,1410,149
......0304 Kallnach,137,754,907,107
......0305 Kappelen,90,597,605,58
......0306 Lyss,1309,6175,6173,684
......0307 Meikirch,204,908,1130,144
......0309 Radelfingen,78,572,541,65
......0310 Rapperswil (BE),156,987,1137,145
......0311 Schüpfen,290,1633,1635,161
......0312 Seedorf (BE),209,1243,1397,153
......0321 Aarwangen,394,1746,2055,213
......0322 Auswil,34,204,203,30
......0323 Bannwil,59,296,310,34
......0324 Bleienbach,45,252,342,38
......0325 Busswil bei Melchnau,12,58,91,9
......0326 Gondiswil,29,308,352,48
......0329 Langenthal,1312,6730,6472,933
......0331 Lotzwil,206,1052,1124,132
......0332 Madiswil,197,1332,1501,188
......0333 Melchnau,108,604,743,102
......0334 Obersteckholz,19,164,194,33
......0335 Oeschenbach,8,94,120,19
......0336 Reisiswil,8,78,94,8
......0337 Roggwil (BE),344,1514,1837,233
......0338 Rohrbach,90,591,626,106
......0339 Rohrbachgraben,10,167,194,23
......0340 Rütschelen,43,222,262,44
......0341 Schwarzhäusern,38,196,243,24
......0342 Thunstetten,269,1305,1524,160
......0344 Ursenbach,56,400,411,44
......0345 Wynau,120,618,784,98
......0351 Bern,11872,69328,43882,6464
......0352 Bolligen,418,2295,3061,364
......0353 Bremgarten bei Bern,309,1774,2077,224
......0354 Kirchlindach,225,1168,1354,153
......0355 Köniz,3382,17584,17144,2101
......0356 Muri bei Bern,1140,5036,5915,893
......0357 Oberbalm,38,389,411,45
......0358 Stettlen,253,1334,1435,126
......0359 Vechigen,332,2140,2512,268
......0360 Wohlen bei Bern,712,3363,4430,481
......0361 Zollikofen,872,4152,4583,610
......0362 Ittigen,1070,4741,4929,650
......0363 Ostermundigen,1600,7085,7116,987
......0371 Biel/Bienne,6061,24855,20065,3179
......0372 Evilard,208,977,1215,152
......0381 Arch,140,599,712,89
......0382 Büetigen,55,338,400,40
......0383 Büren an der Aare,306,1500,1532,199
......0385 Diessbach bei Büren,58,443,452,43
......0386 Dotzigen,118,557,732,48
......0387 Lengnau (BE),461,1831,2355,309
......0388 Leuzigen,113,504,561,73
......0389 Meienried,3,16,33,0
......0390 Meinisberg,105,533,625,65
......0391 Oberwil bei Büren,60,314,407,49
......0392 Pieterlen,361,1639,1829,204
......0393 Rüti bei Büren,76,333,382,49
......0394 Wengi,41,255,284,29
......0401 Aefligen,93,420,490,64
......0402 Alchenstorf,33,252,289,28
......0403 Bäriswil,84,367,522,50
......0404 Burgdorf,1371,7118,6789,950
......0405 Ersigen,119,680,809,79
......0406 Hasle bei Burgdorf,242,1457,1464,190
......0407 Heimiswil,88,667,750,102
......0408 Hellsau,13,81,101,6
......0409 Hindelbank,190,1057,1065,102
......0410 Höchstetten,11,107,134,18
......0411 Kernenried,39,212,250,26
......0412 Kirchberg (BE),485,2390,2641,300
......0413 Koppigen,156,856,1007,107
......0414 Krauchthal,172,938,1107,118
......0415 Lyssach,116,586,650,70
......0416 Mötschwil,10,59,58,10
......0417 Niederösch,8,99,115,13
......0418 Oberburg,178,1265,1320,146
......0419 Oberösch,6,43,51,4
......0420 Rüdtligen-Alchenflüh,193,1031,1115,96
......0421 Rumendingen,7,40,37,0
......0422 Rüti bei Lyssach,7,80,75,9
......0423 Willadingen,17,75,101,10
......0424 Wynigen,122,814,955,120
......0431 Corgémont,129,688,748,112
......0432 Cormoret,39,190,233,20
......0433 Cortébert,59,298,318,35
......0434 Courtelary,136,555,594,75
......0435 La Ferrière,43,230,249,22
......0437 Mont-Tramelan,5,45,58,8
......0438 Orvin,104,475,542,74
......0441 Renan (BE),68,390,398,40
......0442 Romont (BE),13,75,100,7
......0443 Saint-Imier,528,2191,1991,391
......0444 Sonceboz-Sombeval,152,832,861,87
......0445 Sonvilier,107,580,518,52
......0446 Tramelan,321,1838,1956,302
......0448 Villeret,79,375,422,51
......0449 Sauge,70,309,389,42
......0450 Péry-La Heutte,173,786,844,116
......0491 Brüttelen,52,207,270,39
......0492 Erlach,126,577,644,63
......0493 Finsterhennen,34,214,264,21
......0494 Gals,56,312,365,47
......0495 Gampelen,67,342,410,45
......0496 Ins,247,1435,1578,184
......0497 Lüscherz,56,202,235,35
......0498 Müntschemier,73,529,660,71
......0499 Siselen,32,223,289,35
......0500 Treiten,20,153,229,31
......0501 Tschugg,34,183,206,24
......0502 Vinelz,66,326,425,42
......0532 Bangerten,16,72,63,10
......0533 Bätterkinden,242,1294,1499,151
......0535 Deisswil bei Münchenbuchsee,6,42,34,3
......0536 Diemerswil,14,95,90,5
......0538 Fraubrunnen,333,1976,2354,226
......0540 Jegenstorf,411,2191,2733,274
......0541 Iffwil,23,168,214,18
......0543 Mattstetten,50,209,282,20
......0544 Moosseedorf,354,1738,1762,158
......0546 Münchenbuchsee,791,4160,4548,448
......0551 Urtenen-Schönbühl,586,2648,2709,267
......0552 Utzenstorf,322,1712,1964,215
......0553 Wiggiswil,7,37,51,3
......0554 Wiler bei Utzenstorf,58,376,406,41
......0556 Zielebach,30,122,150,23
......0557 Zuzwil (BE),33,216,291,30
......0561 Adelboden,124,1477,1643,193
......0562 Aeschi bei Spiez,173,963,966,115
......0563 Frutigen,366,2995,3132,363
......0564 Kandergrund,52,305,385,42
......0565 Kandersteg,111,490,643,70
......0566 Krattigen,93,397,527,84
......0567 Reichenbach im Kandertal,225,1436,1657,231
......0571 Beatenberg,127,474,511,82
......0572 Bönigen,183,1030,1151,158
......0573 Brienz (BE),250,1271,1371,209
......0574 Brienzwiler,61,174,213,29
......0575 Därligen,43,150,193,21
......0576 Grindelwald,249,1571,1704,216
......0577 Gsteigwiler,49,173,154,23
......0578 Gündlischwand,28,145,146,22
......0579 Habkern,32,269,304,39
......0580 Hofstetten bei Brienz,47,208,244,43
......0581 Interlaken,578,2448,2344,322
......0582 Iseltwald,36,159,205,28
......0584 Lauterbrunnen,143,988,1156,164
......0585 Leissigen,106,393,457,64
......0586 Lütschental,20,83,102,14
......0587 Matten bei Interlaken,290,1663,1723,240
......0588 Niederried bei Interlaken,37,128,164,18
......0589 Oberried am Brienzersee,50,174,191,32
......0590 Ringgenberg (BE),250,1080,1177,151
......0591 Saxeten,8,34,46,9
......0592 Schwanden bei Brienz,63,213,287,26
......0593 Unterseen,520,2354,2484,329
......0594 Wilderswil,204,1139,1120,151
......0602 Arni (BE),49,408,401,64
......0603 Biglen,117,735,777,116
......0605 Bowil,78,591,620,81
......0606 Brenzikofen,42,231,217,29
......0607 Freimettigen,35,201,215,18
......0608 Grosshöchstetten,267,1417,1653,179
......0609 Häutligen,18,109,108,14
......0610 Herbligen,38,244,287,31
......0611 Kiesen,70,394,431,29
......0612 Konolfingen,372,2172,2382,298
......0613 Landiswil,31,242,311,41
......0614 Linden,78,534,576,89
......0615 Mirchel,38,261,302,25
......0616 Münsingen,956,4692,5489,676
......0617 Niederhünigen,30,275,279,22
......0619 Oberdiessbach,227,1527,1597,171
......0620 Oberthal,36,316,340,47
......0622 Oppligen,42,295,292,29
......0623 Rubigen,242,1223,1331,124
......0624 Schlosswil,47,262,291,30
......0625 Tägertschi,20,174,175,17
......0626 Walkringen,126,751,792,103
......0627 Worb,948,4607,5283,610
......0628 Zäziwil,100,681,774,87
......0629 Oberhünigen,13,146,145,13
......0630 Allmendingen,33,234,252,26
......0632 Wichtrach,340,1663,1949,163
......0661 Clavaleyres,1,26,18,4
......0662 Ferenbalm,74,470,618,72
......0663 Frauenkappelen,109,490,553,54
......0664 Golaten,20,119,158,17
......0665 Gurbrü,12,94,125,15
......0666 Kriechenwil,32,140,222,28
......0667 Laupen,310,1251,1339,179
......0668 Mühleberg,211,1146,1366,130
......0669 Münchenwiler,28,187,245,20
......0670 Neuenegg,413,2116,2402,263
......0671 Wileroltigen,28,161,179,16
......0681 Belprahon,24,118,153,13
......0683 Champoz,8,68,80,5
......0687 Corcelles (BE),10,89,97,15
......0690 Court,91,592,656,79
......0691 Crémines,45,207,238,39
......0692 Eschert,31,151,172,21
......0694 Grandval,26,155,183,24
......0696 Loveresse,27,112,163,20
......0700 Moutier,644,3140,3311,520
......0701 Perrefitte,36,160,206,32
......0703 Reconvilier,226,969,995,144
......0704 Roches (BE),22,86,96,10
......0706 Saicourt,46,259,268,34
......0707 Saules (BE),11,62,75,11
......0708 Schelten,6,19,9,4
......0709 Seehof,0,32,31,5
......0711 Sorvilier,24,119,116,21
......0713 Tavannes,331,1586,1455,240
......0715 Rebévelier,2,20,19,2
......0716 Petit-Val,20,179,196,16
......0717 Valbirse,294,1581,1873,261
......0723 La Neuveville,350,1534,1566,243
......0724 Nods,79,320,307,40
......0726 Plateau de Diesse,185,815,923,107
......0731 Aegerten,154,718,887,115
......0732 Bellmund,109,660,796,58
......0733 Brügg,438,1801,1812,246
......0734 Bühl,32,178,191,22
......0735 Epsach,14,134,161,19
......0736 Hagneck,42,141,214,13
......0737 Hermrigen,29,114,142,18
......0738 Jens,49,251,345,29
......0739 Ipsach,371,1563,1841,197
......0740 Ligerz,60,205,257,25
......0741 Merzligen,22,146,212,21
......0742 Mörigen,69,302,416,56
......0743 Nidau,771,2992,2705,486
......0744 Orpund,254,1050,1210,161
......0745 Port,317,1297,1644,228
......0746 Safnern,161,749,932,109
......0747 Scheuren,41,176,206,26
......0748 Schwadernau,62,256,307,32
......0749 Studen (BE),298,1259,1405,145
......0750 Sutz-Lattrigen,127,566,628,79
......0751 Täuffelen,260,1010,1315,168
......0754 Walperswil,61,420,471,47
......0755 Worben,213,846,1102,113
......0756 Twann-Tüscherz,101,426,552,81
......0761 Därstetten,69,342,381,53
......0762 Diemtigen,141,897,995,129
......0763 Erlenbach im Simmental,163,690,739,112
......0766 Oberwil im Simmental,27,315,418,60
......0767 Reutigen,81,390,478,41
......0768 Spiez,1131,4795,5739,812
......0769 Wimmis,214,1010,1045,149
......0770 Stocken-Höfen,67,403,464,52
......0782 Guttannen,12,102,162,15
......0783 Hasliberg,79,503,528,70
......0784 Innertkirchen,76,388,507,76
......0785 Meiringen,365,1900,2176,295
......0786 Schattenhalb,38,232,263,45
......0791 Boltigen,79,493,605,111
......0792 Lenk,141,974,1136,137
......0793 St. Stephan,67,549,647,77
......0794 Zweisimmen,198,1123,1457,209
......0841 Gsteig,59,420,449,48
......0842 Lauenen,35,355,400,46
......0843 Saanen,431,2931,3158,350
......0852 Guggisberg,76,648,722,104
......0853 Rüschegg,140,611,756,100
......0855 Schwarzenburg,479,2858,3116,403
......0861 Belp,952,4818,5209,568
......0863 Burgistein,71,430,489,73
......0865 Gelterfingen,40,94,115,20
......0866 Gerzensee,84,488,539,52
......0867 Gurzelen,58,394,360,42
......0868 Jaberg,28,115,100,9
......0869 Kaufdorf,75,425,521,40
......0870 Kehrsatz,268,1763,2002,192
......0872 Kirchdorf (BE),81,414,424,37
......0873 Kirchenthurnen,31,101,130,17
......0874 Lohnstorf,13,94,117,11
......0875 Mühledorf (BE),16,103,114,12
......0876 Mühlethurnen,100,544,682,69
......0877 Niedermuhlern,34,208,198,23
......0878 Noflen,15,146,131,12
......0879 Riggisberg,171,1007,1113,161
......0880 Rüeggisberg,124,727,848,120
......0881 Rümligen,26,179,211,20
......0883 Seftigen,175,921,1015,98
......0884 Toffen,198,980,1222,127
......0885 Uttigen,136,821,901,82
......0886 Wattenwil,219,1216,1252,178
......0888 Wald (BE),76,480,570,55
......0901 Eggiwil,84,1043,1166,149
......0902 Langnau im Emmental,658,4100,3864,532
......0903 Lauperswil,185,1129,1198,150
......0904 Röthenbach im Emmental,46,530,558,72
......0905 Rüderswil,147,1013,1030,145
......0906 Schangnau,39,377,431,58
......0907 Signau,156,1151,1211,179
......0908 Trub,49,594,619,85
......0909 Trubschachen,88,568,677,92
......0921 Amsoldingen,55,324,380,50
......0922 Blumenstein,93,471,592,66
......0923 Buchholterberg,68,652,740,86
......0924 Eriz,29,212,215,31
......0925 Fahrni,35,329,387,41
......0927 Heiligenschwendi,71,281,316,41
......0928 Heimberg,592,2776,2982,317
......0929 Hilterfingen,350,1605,1818,283
......0931 Homberg,21,214,233,32
......0932 Horrenbach-Buchen,15,107,109,11
......0934 Oberhofen am Thunersee,248,869,1151,152
......0935 Oberlangenegg,15,217,208,34
......0936 Pohlern,19,108,113,12
......0937 Schwendibach,14,104,112,10
......0938 Sigriswil,453,1658,2259,357
......0939 Steffisburg,1281,6625,6865,918
......0940 Teuffenthal (BE),6,68,77,10
......0941 Thierachern,199,974,1137,104
......0942 Thun,4096,18115,18537,2747
......0943 Uebeschi,41,289,305,38
......0944 Uetendorf,506,2268,2900,323
......0945 Unterlangenegg,37,398,441,58
......0946 Wachseldorn,6,100,113,16
......0947 Zwieselberg,17,145,128,16
......0948 Forst-Längenbühl,52,334,346,44
......0951 Affoltern im Emmental,88,491,509,71
......0952 Dürrenroth,61,451,490,65
......0953 Eriswil,65,587,618,92
......0954 Huttwil,305,2031,2109,296
......0955 Lützelflüh,268,1735,1847,230
......0956 Rüegsau,184,1327,1483,206
......0957 Sumiswald,339,2063,2260,337
......0958 Trachselwald,57,428,435,57
......0959 Walterswil (BE),20,214,259,31
......0960 Wyssachen,57,506,549,57
......0971 Attiswil,112,538,669,88
......0972 Berken,3,15,16,6
......0973 Bettenhausen,49,251,325,35
......0975 Farnern,23,67,107,8
......0976 Graben,27,160,135,15
......0977 Heimenhausen,82,440,533,50
......0978 Hermiswil,5,39,48,4
......0979 Herzogenbuchsee,546,2977,3068,402
......0980 Inkwil,62,237,287,38
......0981 Niederbipp,429,1831,2039,225
......0982 Niederönz,119,677,770,75
......0983 Oberbipp,150,690,754,67
......0985 Ochlenberg,40,248,253,32
......0987 Rumisberg,41,156,249,24
......0988 Seeberg,127,577,621,83
......0989 Thörigen,81,465,496,48
......0990 Walliswil bei Niederbipp,25,84,105,10
......0991 Walliswil bei Wangen,60,208,274,36
......0992 Wangen an der Aare,207,958,981,128
......0993 Wangenried,28,165,207,31
......0995 Wiedlisbach,217,939,992,122
......0996 Wolfisberg,15,74,90,8
......1001 Doppleschwand,22,356,342,30
......1002 Entlebuch,101,1605,1440,203
......1004 Flühli,84,938,766,94
......1005 Hasle (LU),69,834,748,97
......1007 Romoos,19,320,299,38
......1008 Schüpfheim,146,1974,1792,242
......1009 Werthenstein,100,939,905,100
......1010 Escholzmatt-Marbach,157,1978,1926,264
......1021 Aesch (LU),96,455,483,54
......1022 Altwis,21,188,198,9
......1023 Ballwil,169,1254,1230,95
......1024 Emmen,2355,12649,13271,1448
......1025 Ermensee,52,386,426,28
......1026 Eschenbach (LU),239,1635,1640,144
......1030 Hitzkirch,358,2233,2338,223
......1031 Hochdorf,535,4468,4309,412
......1032 Hohenrain,91,1183,1187,77
......1033 Inwil,122,1123,1103,79
......1037 Rain,133,1154,1166,88
......1039 Römerswil,87,760,801,58
......1040 Rothenburg,414,3150,3515,258
......1041 Schongau,53,465,464,30
......1051 Adligenswil,399,2155,2613,181
......1052 Buchrain,367,2646,2910,209
......1053 Dierikon,120,633,646,39
......1054 Ebikon,981,5613,5930,582
......1055 Gisikon,114,518,531,26
......1056 Greppen,83,439,484,30
......1057 Honau,14,187,171,8
......1058 Horw,984,5982,6058,764
......1059 Kriens,2138,11384,12068,1456
......1061 Luzern,7006,40545,29425,4314
......1062 Malters,369,3267,3024,328
......1063 Meggen,599,2653,3160,441
......1064 Meierskappel,87,589,629,47
......1065 Root,330,2114,2107,167
......1066 Schwarzenberg,79,770,779,76
......1067 Udligenswil,170,924,1101,83
......1068 Vitznau,101,532,628,59
......1069 Weggis,378,1736,1945,271
......1081 Beromünster,307,2966,2899,273
......1082 Büron,111,1092,1079,85
......1083 Buttisholz,122,1527,1477,128
......1084 Eich,149,744,732,59
......1085 Geuensee,170,1248,1333,92
......1086 Grosswangen,128,1479,1394,119
......1088 Hildisrieden,126,877,1050,84
......1089 Knutwil,110,980,970,81
......1091 Mauensee,67,615,598,46
......1093 Neuenkirch,357,3067,3005,217
......1094 Nottwil,207,1658,1616,132
......1095 Oberkirch,221,2103,1849,143
......1097 Rickenbach (LU),197,1399,1464,134
......1098 Ruswil,322,3208,3006,306
......1099 Schenkon,187,1229,1244,87
......1100 Schlierbach,33,379,372,35
......1102 Sempach,210,1896,1904,149
......1103 Sursee,595,4518,3910,467
......1104 Triengen,244,1958,2122,187
......1107 Wolhusen,197,1961,1943,218
......1121 Alberswil,26,313,285,32
......1122 Altbüron,51,427,469,39
......1123 Altishofen,70,720,708,57
......1125 Dagmersellen,306,2406,2304,218
......1126 Ebersecken,14,198,169,20
......1127 Egolzwil,89,662,623,46
......1128 Ettiswil,145,1250,1147,107
......1129 Fischbach,39,336,326,25
......1130 Gettnau,53,531,511,45
......1131 Grossdietwil,27,368,394,42
......1132 Hergiswil bei Willisau,54,877,853,103
......1135 Luthern,45,589,582,73
......1136 Menznau,118,1344,1290,132
......1137 Nebikon,131,1118,1198,118
......1139 Pfaffnau,189,1129,1103,108
......1140 Reiden,410,3024,3240,302
......1142 Roggliswil,34,314,275,38
......1143 Schötz,244,1921,1829,191
......1145 Ufhusen,31,420,399,42
......1146 Wauwil,115,830,949,84
......1147 Wikon,99,638,664,76
......1150 Zell (LU),80,929,884,104
......1151 Willisau,369,3473,3417,417
......1201 Altdorf (UR),535,4107,4025,536
......1202 Andermatt,83,593,619,92
......1203 Attinghausen,74,703,779,67
......1204 Bauen,9,72,67,10
......1205 Bürglen (UR),133,1763,1890,208
......1206 Erstfeld,206,1474,1835,258
......1207 Flüelen,114,844,901,113
......1208 Göschenen,30,160,217,31
......1209 Gurtnellen,23,248,262,44
......1210 Hospental,13,84,86,19
......1211 Isenthal,6,239,246,21
......1212 Realp,10,47,66,18
......1213 Schattdorf,204,2010,2576,251
......1214 Seedorf (UR),76,781,885,65
......1215 Seelisberg,54,285,302,47
......1216 Silenen,96,852,1045,115
......1217 Sisikon,27,172,155,24
......1218 Spiringen,23,388,395,40
......1219 Unterschächen,7,332,326,31
......1220 Wassen,28,169,194,37
......1301 Einsiedeln,1117,6679,6550,730
......1311 Gersau,202,860,1040,138
......1321 Feusisberg,464,2136,2338,206
......1322 Freienbach,1498,6509,7370,660
......1323 Wollerau,623,2791,3336,297
......1331 Küssnacht (SZ),981,5252,5620,570
......1341 Altendorf,532,2945,3017,250
......1342 Galgenen,375,2286,2278,202
......1343 Innerthal,9,85,93,6
......1344 Lachen,780,3593,3694,413
......1345 Reichenburg,240,1515,1518,145
......1346 Schübelbach,705,3982,3965,364
......1347 Tuggen,231,1453,1411,119
......1348 Vorderthal,66,445,449,54
......1349 Wangen (SZ),379,2089,2200,216
......1361 Alpthal,44,276,250,27
......1362 Arth,701,5075,5274,546
......1363 Illgau,13,377,367,35
......1364 Ingenbohl,655,3827,3774,439
......1365 Lauerz,66,498,499,33
......1366 Morschach,83,527,479,35
......1367 Muotathal,128,1601,1587,183
......1368 Oberiberg,102,297,428,51
......1369 Riemenstalden,2,45,37,5
......1370 Rothenthurm,109,1086,1028,79
......1371 Sattel,121,911,833,66
......1372 Schwyz,975,6749,6374,758
......1373 Steinen,229,1490,1458,135
......1374 Steinerberg,39,431,428,22
......1375 Unteriberg,170,1018,1006,136
......1401 Alpnach,391,2630,2637,250
......1402 Engelberg,297,1762,1808,230
......1403 Giswil,233,1584,1581,188
......1404 Kerns,304,2886,2609,249
......1405 Lungern,103,907,1013,119
......1406 Sachseln,310,2245,2295,216
......1407 Sarnen,673,4418,4619,519
......1501 Beckenried,264,1525,1582,173
......1502 Buochs,346,2405,2465,217
......1503 Dallenwil,100,832,774,91
......1504 Emmetten,138,544,639,59
......1505 Ennetbürgen,370,1838,2171,221
......1506 Ennetmoos,123,941,970,66
......1507 Hergiswil (NW),613,2287,2417,328
......1508 Oberdorf (NW),154,1407,1429,110
......1509 Stans,558,3794,3556,368
......1510 Stansstad,424,1800,1950,222
......1511 Wolfenschiessen,86,1019,952,91
......1630 Glarus Nord,1266,7491,8069,971
......1631 Glarus Süd,813,3747,4460,641
......1632 Glarus,987,5369,5486,726
......1701 Baar,1706,10344,10533,977
......1702 Cham,1195,7047,7140,571
......1703 Hünenberg,665,3815,4107,261
......1704 Menzingen,322,2052,1903,162
......1705 Neuheim,153,984,932,85
......1706 Oberägeri,432,2501,2767,240
......1707 Risch,693,4643,4648,288
......1708 Steinhausen,702,4035,4456,350
......1709 Unterägeri,657,3560,3974,392
......1710 Walchwil,277,1396,1748,163
......1711 Zug,2345,12943,12680,1285
......2004 Bussy (FR),30,235,198,20
......2005 Châbles,63,328,354,24
......2008 Châtillon (FR),40,188,201,18
......2009 Cheiry,39,152,175,13
......2010 Cheyres,179,560,598,74
......2011 Cugy (FR),105,771,676,81
......2013 Domdidier,213,1388,1334,129
......2014 Dompierre (FR),85,489,415,33
......2015 Estavayer-le-Lac,582,2780,2529,317
......2016 Fétigny,53,441,431,37
......2022 Gletterens,86,399,484,35
......2024 Léchelles,59,394,321,30
......2025 Lully (FR),65,540,482,37
......2027 Ménières,22,193,181,18
......2029 Montagny (FR),167,1040,1031,115
......2033 Morens (FR),9,65,73,7
......2034 Murist,39,270,288,24
......2035 Nuvilly,33,173,175,27
......2038 Prévondavaux,7,30,25,3
......2039 Rueyres-les-Prés,24,192,192,24
......2040 Russy,14,100,90,12
......2041 Saint-Aubin (FR),126,713,760,59
......2043 Sévaz,29,116,117,8
......2044 Surpierre,26,138,151,15
......2045 Vallon,27,192,167,18
......2047 Villeneuve (FR),32,158,169,15
......2049 Vuissens,19,116,99,11
......2050 Les Montets,105,670,583,47
......2051 Delley-Portalban,108,429,475,54
......2052 Vernay,51,518,513,37
......2061 Auboranges,20,123,124,5
......2063 Billens-Hennens,38,301,314,34
......2066 Chapelle (Glâne),16,112,120,11
......2067 Le Châtelard,14,169,172,22
......2068 Châtonnaye,62,388,303,33
......2072 Ecublens (FR),20,152,147,13
......2079 Grangettes,8,96,77,10
......2086 Massonnens,26,232,239,19
......2087 Mézières (FR),61,418,470,46
......2089 Montet (Glâne),19,172,194,7
......2096 Romont (FR),434,2387,2125,246
......2097 Rue,142,644,625,62
......2099 Siviriez,134,1015,987,107
......2102 Ursy,214,1317,1286,119
......2111 Villaz-Saint-Pierre,83,600,500,48
......2113 Vuisternens-devant-Romont,130,1034,992,95
......2114 Villorsonnens,90,597,578,39
......2115 Torny,57,396,392,40
......2116 La Folliaz,74,428,418,35
......2121 Haut-Intyamon,115,615,686,107
......2122 Pont-en-Ogoz,146,817,753,58
......2123 Botterens,43,225,260,18
......2124 Broc,222,1028,1105,151
......2125 Bulle,1909,10409,8608,1064
......2128 Châtel-sur-Montsalvens,30,115,120,8
......2129 Corbières,70,375,357,37
......2130 Crésuz,44,117,142,28
......2131 Echarlens,55,367,362,30
......2134 Grandvillard,57,373,333,32
......2135 Gruyères,174,987,901,91
......2137 Hauteville,44,288,280,31
......2138 Jaun,27,292,304,39
......2140 Marsens,131,818,802,58
......2143 Morlon,40,252,271,29
......2145 Le Pâquier (FR),66,556,484,36
......2147 Pont-la-Ville,46,259,264,20
......2148 Riaz,179,1070,1030,96
......2149 La Roche,122,692,733,66
......2152 Sâles,75,701,605,66
......2153 Sorens,92,507,463,36
......2155 Vaulruz,58,453,477,44
......2160 Vuadens,148,1065,978,91
......2162 Bas-Intyamon,113,569,553,56
......2163 Val-de-Charmey,206,948,1102,160
......2171 Arconciel,61,394,380,29
......2172 Autafond,1,30,37,3
......2173 Autigny,47,358,367,31
......2174 Avry,138,829,843,64
......2175 Belfaux,191,1497,1426,103
......2177 Chénens,61,416,351,26
......2179 Chésopelloz,11,55,54,3
......2183 Corminboeuf,164,1004,1082,82
......2184 Corpataux-Magnedens,82,614,580,37
......2185 Corserey,32,193,181,12
......2186 Cottens (FR),87,669,694,40
......2189 Ependes (FR),92,513,466,41
......2192 Farvagny,178,1045,924,89
......2194 Ferpicloz,25,118,132,10
......2196 Fribourg,3356,19364,13882,1882
......2197 Givisiez,265,1448,1337,74
......2198 Granges-Paccot,251,1685,1329,93
......2200 Grolley,120,855,857,68
......2206 Marly,694,3416,3619,354
......2208 Matran,102,697,684,56
......2211 Neyruz (FR),204,1211,1090,67
......2213 Noréaz,30,281,287,25
......2216 Pierrafortscha,7,68,57,7
......2217 Ponthaux,39,315,314,18
......2220 Le Mouret,219,1323,1394,137
......2221 Prez-vers-Noréaz,80,450,424,48
......2222 Rossens (FR),73,590,623,49
......2223 Le Glèbe,65,594,561,40
......2225 Senèdes,19,60,71,6
......2226 Treyvaux,88,646,635,73
......2228 Villars-sur-Glâne,966,5603,5078,495
......2230 Villarsel-sur-Marly,4,45,36,1
......2231 Vuisternens-en-Ogoz,56,463,452,24
......2233 Hauterive (FR),175,1116,1047,77
......2234 La Brillaz,100,874,864,60
......2235 La Sonnaz,85,496,464,33
......2243 Barberêche,37,227,235,28
......2250 Courgevaux,100,607,658,63
......2251 Courlevon,20,122,140,11
......2254 Courtepin,201,1614,1737,129
......2257 Cressier (FR),75,402,414,41
......2258 Fräschels,31,162,248,19
......2259 Galmiz,55,271,286,33
......2260 Gempenach,31,124,143,9
......2261 Greng,16,77,78,6
......2262 Gurmels,239,1770,1970,163
......2264 Jeuss,22,175,208,10
......2265 Kerzers,334,2087,2235,192
......2266 Kleinbösingen,44,238,290,30
......2270 Lurtigen,11,85,73,12
......2271 Meyriez,41,254,262,35
......2272 Misery-Courtion,109,842,821,63
......2274 Muntelier,71,365,475,44
......2275 Murten,601,2798,2861,378
......2276 Ried bei Kerzers,72,450,533,40
......2277 Salvenach,44,252,275,22
......2278 Ulmiz,29,177,189,19
......2279 Villarepos,45,281,248,37
......2280 Bas-Vully,166,867,972,115
......2281 Haut-Vully,130,510,673,62
......2283 Wallenried,22,182,228,15
......2291 Alterswil,117,882,937,110
......2292 Brünisried,38,291,291,39
......2293 Düdingen,603,3272,3527,392
......2294 Giffers,100,661,702,72
......2295 Bösingen,222,1358,1672,129
......2296 Heitenried,78,605,631,59
......2298 Oberschrot,82,550,477,76
......2299 Plaffeien,177,799,888,118
......2300 Plasselb,97,401,473,50
......2301 Rechthalten,58,459,490,66
......2302 St. Antoni,123,825,980,86
......2303 St. Silvester,66,392,458,47
......2304 St. Ursen,87,598,558,62
......2305 Schmitten (FR),234,1782,1866,158
......2306 Tafers,210,1438,1484,154
......2307 Tentlingen,118,561,595,55
......2308 Ueberstorf,154,1011,1082,110
......2309 Wünnewil-Flamatt,444,2280,2496,235
......2310 Zumholz,31,175,176,15
......2321 Attalens,274,1530,1381,110
......2323 Bossonnens,131,693,611,59
......2325 Châtel-Saint-Denis,581,2900,2708,266
......2328 Granges (Veveyse),71,360,370,33
......2333 Remaufens,73,461,476,34
......2335 Saint-Martin (FR),63,464,449,58
......2336 Semsales,117,615,601,81
......2337 Le Flon,80,531,501,63
......2338 La Verrerie,77,515,515,48
......2401 Egerkingen,282,1422,1572,171
......2402 Härkingen,111,675,685,62
......2403 Kestenholz,116,767,818,69
......2404 Neuendorf,160,878,940,78
......2405 Niederbuchsiten,106,485,491,40
......2406 Oberbuchsiten,182,963,957,84
......2407 Oensingen,538,2687,2684,294
......2408 Wolfwil,156,819,981,125
......2421 Aedermannsdorf,30,234,258,27
......2422 Balsthal,457,2506,2741,314
......2423 Gänsbrunnen,7,46,38,4
......2424 Herbetswil,28,220,261,24
......2425 Holderbank (SO),65,239,284,47
......2426 Laupersdorf,110,731,811,82
......2427 Matzendorf,84,504,638,66
......2428 Mümliswil-Ramiswil,146,1049,1095,154
......2429 Welschenrohr,84,448,504,88
......2445 Biezwil,27,137,139,20
......2455 Lüterkofen-Ichertswil,52,317,343,50
......2456 Lüterswil-Gächliwil,30,122,138,25
......2457 Messen,72,624,675,89
......2461 Schnottwil,75,458,491,39
......2463 Unterramsern,11,78,106,8
......2464 Lüsslingen-Nennigkofen,84,458,461,54
......2465 Buchegg,185,1042,1163,117
......2471 Bättwil,94,470,597,34
......2472 Büren (SO),63,416,462,55
......2473 Dornach,600,2806,2784,348
......2474 Gempen,82,396,380,31
......2475 Hochwald,93,503,649,48
......2476 Hofstetten-Flüh,246,1206,1557,153
......2477 Metzerlen-Mariastein,76,357,426,51
......2478 Nuglar-St. Pantaleon,106,608,708,60
......2479 Rodersdorf,101,515,653,63
......2480 Seewen,71,412,490,49
......2481 Witterswil,96,589,739,69
......2491 Hauenstein-Ifenthal,23,132,146,13
......2492 Kienberg,41,215,236,29
......2493 Lostorf,261,1549,1931,185
......2495 Niedergösgen,306,1519,1708,225
......2497 Obergösgen,214,900,967,136
......2498 Rohr (SO),4,38,48,4
......2499 Stüsslingen,74,403,557,41
......2500 Trimbach,565,2660,2916,364
......2501 Winznau,171,696,853,100
......2502 Wisen (SO),39,147,198,20
......2503 Erlinsbach (SO),245,1474,1514,163
......2511 Aeschi (SO),91,508,570,47
......2513 Biberist,755,3356,3620,492
......2514 Bolken,57,229,265,20
......2516 Deitingen,165,862,1067,121
......2517 Derendingen,657,2555,2752,355
......2518 Etziken,56,330,347,54
......2519 Gerlafingen,447,2050,2209,282
......2520 Halten,51,347,445,30
......2523 Horriwil,45,340,435,45
......2524 Hüniken,6,37,47,4
......2525 Kriegstetten,95,523,596,60
......2526 Lohn-Ammannsegg,204,1060,1308,133
......2527 Luterbach,330,1348,1564,195
......2528 Obergerlafingen,93,424,527,67
......2529 Oekingen,67,327,371,42
......2530 Recherswil,172,675,882,97
......2532 Subingen,245,1260,1429,134
......2534 Zuchwil,847,3719,3716,462
......2535 Drei Höfe,55,292,367,28
......2541 Balm bei Günsberg,19,71,106,6
......2542 Bellach,481,2044,2362,322
......2543 Bettlach,496,1940,2185,252
......2544 Feldbrunnen-St. Niklaus,98,363,455,58
......2545 Flumenthal,97,373,437,52
......2546 Grenchen,1801,6641,7159,1140
......2547 Günsberg,101,468,490,93
......2548 Hubersdorf,46,287,356,36
......2549 Kammersrohr,1,17,13,2
......2550 Langendorf,329,1487,1689,244
......2551 Lommiswil,109,546,757,67
......2553 Oberdorf (SO),132,613,826,83
......2554 Riedholz,180,892,1114,103
......2555 Rüttenen,149,617,660,81
......2556 Selzach,264,1357,1489,191
......2571 Boningen,65,336,300,34
......2572 Däniken,233,1129,1268,139
......2573 Dulliken,368,1915,2350,263
......2574 Eppenberg-Wöschnau,25,142,135,15
......2575 Fulenbach,134,730,788,74
......2576 Gretzenbach,173,1104,1268,98
......2578 Gunzgen,159,634,784,78
......2579 Hägendorf,378,1946,2279,262
......2580 Kappel (SO),249,1230,1441,167
......2581 Olten,1631,8352,6750,1099
......2582 Rickenbach (SO),67,307,408,58
......2583 Schönenwerd,411,1968,2197,297
......2584 Starrkirch-Wil,109,686,817,88
......2585 Walterswil (SO),57,281,318,36
......2586 Wangen bei Olten,452,2048,2306,282
......2601 Solothurn,1731,8187,5904,897
......2611 Bärschwil,67,310,382,53
......2612 Beinwil (SO),7,111,126,21
......2613 Breitenbach,271,1472,1800,211
......2614 Büsserach,154,945,984,119
......2615 Erschwil,49,345,449,60
......2616 Fehren,40,254,281,35
......2617 Grindel,33,195,232,26
......2618 Himmelried,98,350,426,56
......2619 Kleinlützel,94,504,572,88
......2620 Meltingen,33,263,333,35
......2621 Nunningen,132,790,864,95
......2622 Zullwil,37,269,289,43
......2701 Basel,16880,81254,62343,9430
......2702 Bettingen,87,462,549,60
......2703 Riehen,1726,7895,9589,1533
......2761 Aesch (BL),915,3873,4840,545
......2762 Allschwil,1901,8220,9105,1238
......2763 Arlesheim,796,3669,4137,621
......2764 Biel-Benken,244,1283,1755,126
......2765 Binningen,1308,6141,6794,877
......2766 Birsfelden,994,4171,4440,751
......2767 Bottmingen,478,2472,3143,347
......2768 Ettingen,402,1938,2387,251
......2769 Münchenstein,992,4894,5258,757
......2770 Muttenz,1349,6995,8136,1129
......2771 Oberwil (BL),877,4429,5210,588
......2772 Pfeffingen,167,846,1252,97
......2773 Reinach (BL),1678,7113,8834,1229
......2774 Schönenbuch,113,523,669,69
......2775 Therwil,798,3914,4828,467
......2781 Blauen,44,268,342,41
......2782 Brislach,113,645,777,74
......2783 Burg im Leimental,26,105,119,13
......2784 Dittingen,68,280,328,53
......2785 Duggingen,128,601,733,48
......2786 Grellingen,146,754,852,88
......2787 Laufen,438,2429,2350,327
......2788 Liesberg,85,458,546,78
......2789 Nenzlingen,19,177,200,24
......2790 Roggenburg,29,121,118,12
......2791 Röschenz,118,762,882,83
......2792 Wahlen,91,574,675,70
......2793 Zwingen,194,945,1026,96
......2821 Arisdorf,111,669,806,73
......2822 Augst,94,329,466,58
......2823 Bubendorf,314,1762,2135,167
......2824 Frenkendorf,499,2685,2995,311
......2825 Füllinsdorf,360,1550,2203,272
......2826 Giebenach,90,388,517,41
......2827 Hersberg,29,128,155,16
......2828 Lausen,350,2043,2393,228
......2829 Liestal,1172,5979,6219,708
......2830 Lupsingen,108,515,722,70
......2831 Pratteln,1306,6408,7361,822
......2832 Ramlinsburg,52,272,347,28
......2833 Seltisberg,93,485,651,79
......2834 Ziefen,90,641,740,71
......2841 Anwil,32,237,289,25
......2842 Böckten,57,314,388,30
......2843 Buckten,39,273,343,38
......2844 Buus,69,403,485,42
......2845 Diepflingen,41,317,333,28
......2846 Gelterkinden,479,2444,2732,340
......2847 Häfelfingen,27,120,112,13
......2848 Hemmiken,17,94,140,20
......2849 Itingen,147,811,1026,73
......2850 Känerkinden,46,203,249,22
......2851 Kilchberg (BL),6,57,86,5
......2852 Läufelfingen,88,509,629,76
......2853 Maisprach,78,408,414,43
......2854 Nusshof,22,94,135,8
......2855 Oltingen,34,206,215,25
......2856 Ormalingen,153,872,989,100
......2857 Rickenbach (BL),43,247,290,16
......2858 Rothenfluh,57,311,369,38
......2859 Rümlingen,32,138,191,25
......2860 Rünenberg,58,282,389,46
......2861 Sissach,533,2882,2871,338
......2862 Tecknau,50,342,443,27
......2863 Tenniken,69,345,443,37
......2864 Thürnen,108,562,657,72
......2865 Wenslingen,47,273,376,34
......2866 Wintersingen,53,229,307,24
......2867 Wittinsburg,33,177,205,14
......2868 Zeglingen,25,187,242,27
......2869 Zunzgen,204,950,1220,133
......2881 Arboldswil,46,208,293,21
......2882 Bennwil,27,276,325,18
......2883 Bretzwil,46,326,378,29
......2884 Diegten,134,651,760,72
......2885 Eptingen,41,227,236,28
......2886 Hölstein,176,952,1171,116
......2887 Lampenberg,26,203,237,25
......2888 Langenbruck,88,410,438,55
......2889 Lauwil,23,119,170,15
......2890 Liedertswil,14,60,76,10
......2891 Niederdorf,116,674,896,103
......2892 Oberdorf (BL),177,943,1163,116
......2893 Reigoldswil,127,684,703,83
......2894 Titterten,31,147,208,22
......2895 Waldenburg,96,484,512,64
......2901 Gächlingen,51,314,419,40
......2903 Löhningen,96,559,678,54
......2904 Neunkirch,169,869,941,107
......2914 Büttenhardt,15,139,181,11
......2915 Dörflingen,68,352,511,41
......2917 Lohn (SH),36,310,380,31
......2919 Stetten (SH),65,509,703,51
......2920 Thayngen,424,2087,2471,311
......2931 Bargen (SH),27,128,120,16
......2932 Beringen,338,1832,2115,256
......2933 Buchberg,54,296,431,43
......2936 Merishausen,50,355,423,37
......2937 Neuhausen am Rheinfall,1010,3981,4642,683
......2938 Rüdlingen,56,283,364,32
......2939 Schaffhausen,3253,15288,15287,2119
......2951 Beggingen,39,197,220,25
......2952 Schleitheim,126,660,794,114
......2953 Siblingen,64,306,423,41
......2961 Buch (SH),30,123,148,15
......2962 Hemishofen,36,186,217,21
......2963 Ramsen,112,528,646,85
......2964 Stein am Rhein,314,1209,1577,243
......2971 Hallau,181,797,959,135
......2972 Oberhallau,24,184,213,18
......2973 Trasadingen,55,235,282,29
......2974 Wilchingen,126,677,827,80
......3001 Herisau,1360,6837,6712,812
......3002 Hundwil,57,449,413,43
......3003 Schönengrund,36,246,218,24
......3004 Schwellbrunn,95,664,690,82
......3005 Stein (AR),70,593,667,76
......3006 Urnäsch,153,938,1023,133
......3007 Waldstatt,107,774,812,90
......3021 Bühler,124,742,756,83
......3022 Gais,218,1247,1467,141
......3023 Speicher,328,1766,1883,238
......3024 Teufen (AR),539,2608,2660,358
......3025 Trogen,162,736,735,71
......3031 Grub (AR),82,394,483,49
......3032 Heiden,369,1642,1896,244
......3033 Lutzenberg,132,505,574,43
......3034 Rehetobel,139,739,754,97
......3035 Reute (AR),56,270,327,39
......3036 Wald (AR),73,354,364,53
......3037 Walzenhausen,227,845,875,107
......3038 Wolfhalden,169,706,808,92
......3101 Appenzell,360,2629,2491,342
......3102 Gonten,61,660,624,97
......3103 Rüte,146,1674,1542,163
......3104 Schlatt-Haslen,40,559,460,51
......3105 Schwende,75,1021,968,95
......3111 Oberegg,132,795,886,103
......3201 Häggenschwil,63,557,595,49
......3202 Muolen,48,563,550,44
......3203 St. Gallen,6772,36460,28553,3746
......3204 Wittenbach,842,3771,4556,483
......3211 Berg (SG),39,336,429,36
......3212 Eggersriet,161,910,1082,109
......3213 Goldach,864,3596,4126,524
......3214 Mörschwil,199,1525,1693,144
......3215 Rorschach,995,3854,3755,610
......3216 Rorschacherberg,665,2856,3355,338
......3217 Steinach,321,1410,1608,180
......3218 Tübach,89,570,624,54
......3219 Untereggen,81,464,470,30
......3231 Au (SG),674,3062,3271,371
......3232 Balgach,361,1987,1949,201
......3233 Berneck,303,1623,1815,196
......3234 Diepoldsau,433,2799,2890,225
......3235 Rheineck,294,1314,1512,191
......3236 St. Margrethen,545,2293,2650,304
......3237 Thal,584,2626,2912,304
......3238 Widnau,709,3997,4244,379
......3251 Altstätten,886,4896,4964,612
......3252 Eichberg,104,686,692,57
......3253 Marbach (SG),148,909,993,87
......3254 Oberriet (SG),524,4000,3764,431
......3255 Rebstein,394,1828,2002,238
......3256 Rüthi (SG),160,946,1038,112
......3271 Buchs (SG),1073,5381,5361,599
......3272 Gams,196,1472,1489,139
......3273 Grabs,535,2922,3163,308
......3274 Sennwald,442,2179,2429,206
......3275 Sevelen,423,2019,2177,209
......3276 Wartau,366,2179,2443,243
......3291 Bad Ragaz,531,2351,2543,314
......3292 Flums,302,2104,2161,302
......3293 Mels,534,3785,3897,404
......3294 Pfäfers,84,660,738,91
......3295 Quarten,249,1180,1276,141
......3296 Sargans,458,2617,2641,310
......3297 Vilters-Wangs,338,1965,2128,218
......3298 Walenstadt,402,2313,2481,324
......3311 Amden,172,660,830,111
......3312 Benken (SG),152,1251,1391,121
......3313 Kaltbrunn,331,2153,2125,179
......3315 Schänis,239,1607,1760,156
......3316 Weesen,132,664,694,105
......3338 Schmerikon,258,1488,1749,173
......3339 Uznach,362,2680,2957,296
......3340 Rapperswil-Jona,2279,11273,11999,1324
......3341 Gommiswald,465,1975,2294,235
......3342 Eschenbach (SG),580,3963,4214,366
......3352 Ebnat-Kappel,399,2048,2302,308
......3359 Wildhaus-Alt St. Johann,223,1105,1182,157
......3360 Nesslau,252,1529,1603,227
......3372 Hemberg,57,405,425,40
......3374 Lichtensteig,172,853,763,123
......3375 Oberhelfenschwil,93,564,579,64
......3378 Neckertal,324,1734,1747,192
......3379 Wattwil,620,3598,3833,526
......3392 Kirchberg (SG),556,3768,4145,405
......3393 Lütisburg,100,647,640,64
......3394 Mosnang,117,1264,1284,137
......3395 Bütschwil-Ganterschwil,285,2044,2157,248
......3401 Degersheim,281,1779,1744,196
......3402 Flawil,741,4417,4707,502
......3405 Jonschwil,240,1618,1784,125
......3407 Oberuzwil,457,2687,2937,268
......3408 Uzwil,899,5214,6092,576
......3422 Niederbüren,62,678,719,60
......3423 Niederhelfenschwil,171,1322,1402,113
......3424 Oberbüren,263,1907,1934,168
......3426 Zuzwil (SG),388,2039,2204,181
......3427 Wil (SG),1957,10346,10138,1226
......3441 Andwil (SG),98,811,911,79
......3442 Gaiserwald,643,3397,3945,393
......3443 Gossau (SG),1388,7608,8115,892
......3444 Waldkirch,198,1567,1588,166
......3503 Mutten,3,31,35,3
......3506 Vaz/Obervaz,205,1136,1246,131
......3513 Lantsch/Lenz,45,221,230,30
......3514 Schmitten (GR),21,82,122,17
......3521 Bergün/Bravuogn,30,208,244,25
......3522 Filisur,21,184,213,27
......3531 Bivio,13,61,85,20
......3532 Cunter,17,97,130,12
......3533 Marmorera,3,7,18,2
......3534 Mulegns,3,8,14,1
......3536 Riom-Parsonz,19,119,143,22
......3538 Salouf,13,92,91,12
......3539 Savognin,71,388,467,70
......3540 Sur,5,27,25,7
......3541 Tinizong-Rona,20,130,134,23
......3542 Albula/Alvra,92,548,588,103
......3551 Brusio,62,417,512,115
......3561 Poschiavo,161,1380,1700,272
......3572 Falera,26,244,326,18
......3575 Laax,133,718,712,54
......3581 Sagogn,36,297,317,39
......3582 Schluein,30,287,263,36
......3603 Vals,38,423,456,73
......3611 Andiast,7,84,98,14
......3612 Obersaxen,40,343,387,59
......3616 Waltensburg/Vuorz,27,135,150,26
......3617 Mundaun,25,117,152,23
......3618 Lumnezia,99,844,958,158
......3619 Ilanz/Glion,313,2061,2045,276
......3633 Fürstenau,18,129,178,20
......3637 Rothenbrunnen,33,145,120,5
......3638 Scharans,42,355,366,57
......3640 Sils im Domleschg,68,365,444,50
......3661 Cazis,172,879,944,92
......3662 Flerden,11,108,100,10
......3663 Masein,32,204,227,12
......3668 Thusis,246,1206,1395,178
......3669 Tschappina,9,45,68,4
......3670 Urmein,4,45,87,5
......3672 Safiental,55,380,406,55
......3673 Domleschg,163,812,863,105
......3681 Avers,10,73,74,11
......3691 Hinterrhein,4,28,28,6
......3693 Nufenen,1,66,77,12
......3694 Splügen,23,152,186,23
......3695 Sufers,3,45,69,8
......3701 Andeer,57,378,435,88
......3703 Casti-Wergenstein,2,24,26,0
......3705 Donat,12,89,95,12
......3707 Lohn (GR),4,20,17,2
......3708 Mathon,8,24,17,3
......3711 Rongellen,11,20,25,3
......3712 Zillis-Reischen,37,160,185,21
......3713 Ferrera,11,31,37,5
......3721 Bonaduz,243,1365,1457,118
......3722 Domat/Ems,583,3301,3642,354
......3723 Rhäzüns,97,595,670,63
......3731 Felsberg,154,1076,1166,80
......3732 Flims,185,1169,1198,145
......3733 Tamins,110,479,539,46
......3734 Trin,106,542,617,58
......3746 Zernez,123,579,789,79
......3752 Samnaun,40,378,317,38
......3762 Scuol,336,1863,2211,280
......3764 Valsot,42,362,449,51
......3781 Bever,53,253,296,25
......3782 Celerina/Schlarigna,99,623,751,61
......3783 Madulain,19,86,116,8
......3784 Pontresina,141,888,1049,88
......3785 La Punt-Chamues-ch,71,301,342,35
......3786 Samedan,202,1318,1328,148
......3787 St. Moritz,415,2097,2305,250
......3788 S-chanf,63,280,322,32
......3789 Sils im Engadin/Segl,44,299,381,37
......3790 Silvaplana,101,451,480,54
......3791 Zuoz,102,564,523,60
......3792 Bregaglia,78,608,726,124
......3804 Buseno,8,33,40,11
......3805 Castaneda,23,119,106,18
......3808 Rossa,14,38,79,16
......3810 Santa Maria in Calanca,13,33,46,10
......3821 Lostallo,53,300,364,50
......3822 Mesocco,100,545,605,99
......3823 Soazza,24,132,165,26
......3831 Cama,50,239,256,26
......3832 Grono,72,385,507,56
......3833 Leggia,12,61,58,7
......3834 Roveredo (GR),194,1008,1154,154
......3835 San Vittore,57,310,353,46
......3836 Verdabbio,11,71,72,9
......3837 Calanca,29,73,70,15
......3847 Val Müstair,98,606,718,117
......3851 Davos,794,5099,4666,550
......3861 Fideris,29,259,270,42
......3862 Furna,8,91,99,11
......3863 Jenaz,92,453,540,78
......3871 Klosters-Serneus,301,1508,1768,231
......3881 Conters im Prättigau,21,87,97,10
......3882 Küblis,66,355,390,47
......3883 Saas,70,284,319,56
......3891 Luzein,94,492,553,79
......3893 St. Antönien,8,140,167,16
......3901 Chur,3423,15557,13722,1948
......3911 Churwalden,155,879,870,123
......3921 Arosa,275,1367,1406,157
......3926 Maladers,42,192,246,26
......3932 Tschiertschen-Praden,29,120,143,22
......3941 Haldenstein,75,479,430,39
......3945 Trimmis,240,1375,1479,94
......3946 Untervaz,163,1086,1096,100
......3947 Zizers,239,1427,1525,170
......3951 Fläsch,57,324,306,26
......3952 Jenins,55,426,391,40
......3953 Maienfeld,225,1204,1180,158
......3954 Malans,182,992,1057,93
......3955 Landquart,707,3566,4134,415
......3961 Grüsch,145,815,921,103
......3962 Schiers,185,1147,1164,147
......3972 Seewis im Prättigau,91,593,641,65
......3981 Breil/Brigels,68,526,585,79
......3982 Disentis/Mustér,92,866,972,140
......3983 Medel (Lucmagn),12,170,178,29
......3985 Sumvitg,53,480,593,92
......3986 Tujetsch,108,528,599,89
......3987 Trun,74,509,519,100
......4001 Aarau,1829,10089,7709,1083
......4002 Biberstein,136,547,723,71
......4003 Buchs (AG),539,3478,3337,376
......4004 Densbüren,43,285,337,37
......4005 Erlinsbach (AG),265,1531,1975,202
......4006 Gränichen,558,3000,3508,366
......4007 Hirschthal,136,682,686,67
......4008 Küttigen,471,2529,2739,290
......4009 Muhen,271,1587,1783,190
......4010 Oberentfelden,572,3099,3643,400
......4012 Suhr,706,4378,4363,457
......4013 Unterentfelden,288,1656,1932,244
......4021 Baden,1506,9390,7371,744
......4022 Bellikon,149,622,725,52
......4023 Bergdietikon,230,1020,1298,134
......4024 Birmenstorf (AG),181,1258,1355,128
......4026 Ennetbaden,199,1516,1500,109
......4027 Fislisbach,464,2313,2515,264
......4028 Freienwil,62,453,425,40
......4029 Gebenstorf,378,2040,2340,217
......4030 Killwangen,130,773,997,60
......4031 Künten,143,714,767,47
......4032 Mägenwil,164,932,920,67
......4033 Mellingen,401,2300,2459,183
......4034 Neuenhof,737,3731,4002,348
......4035 Niederrohrdorf,305,1510,1732,146
......4037 Oberrohrdorf,329,1537,1964,202
......4038 Obersiggenthal,624,3433,4069,464
......4039 Remetschwil,149,828,991,73
......4040 Spreitenbach,845,4601,5381,426
......4041 Stetten (AG),163,971,944,61
......4042 Turgi,260,1376,1213,139
......4044 Untersiggenthal,551,3017,3282,311
......4045 Wettingen,1744,8805,8580,1169
......4046 Wohlenschwil,109,636,693,72
......4047 Würenlingen,339,1886,2166,186
......4048 Würenlos,475,2570,2937,218
......4049 Ehrendingen,357,1994,2193,199
......4061 Arni (AG),142,753,891,63
......4062 Berikon,448,1939,2032,189
......4063 Bremgarten (AG),737,3470,3232,336
......4064 Büttikon,96,374,471,37
......4065 Dottikon,289,1672,1732,164
......4066 Eggenwil,84,358,459,45
......4067 Fischbach-Göslikon,128,712,720,66
......4068 Hägglingen,194,1014,1098,113
......4071 Jonen,137,851,974,57
......4072 Niederwil (AG),211,1224,1241,85
......4073 Oberlunkhofen,165,774,902,83
......4074 Oberwil-Lieli,177,891,1059,86
......4075 Rudolfstetten-Friedlisberg,363,1809,2044,188
......4076 Sarmenstorf,179,1275,1254,97
......4077 Tägerig,101,625,675,54
......4078 Uezwil,22,202,224,14
......4079 Unterlunkhofen,95,562,603,38
......4080 Villmergen,526,3092,3105,298
......4081 Widen,333,1358,1704,176
......4082 Wohlen (AG),1281,6247,7244,828
......4083 Zufikon,352,1811,2017,199
......4084 Islisberg,64,275,276,14
......4091 Auenstein,142,627,727,68
......4092 Birr,282,1789,2187,144
......4093 Birrhard,65,302,307,23
......4094 Bözen,67,291,333,32
......4095 Brugg,916,4831,4859,594
......4096 Effingen,30,230,328,25
......4097 Elfingen,20,103,143,13
......4099 Habsburg,35,158,199,15
......4100 Hausen (AG),272,1419,1597,119
......4104 Lupfig,193,915,1061,127
......4105 Mandach,23,133,144,17
......4106 Mönthal,21,143,217,10
......4107 Mülligen,99,459,476,23
......4110 Remigen,78,405,527,44
......4111 Riniken,84,576,741,77
......4112 Rüfenach,49,332,454,31
......4113 Scherz,58,270,300,21
......4114 Schinznach-Bad,118,508,580,58
......4117 Thalheim (AG),49,307,420,31
......4120 Veltheim (AG),103,609,656,72
......4121 Villigen,163,834,953,79
......4122 Villnachern,116,616,774,67
......4123 Windisch,536,3317,3156,350
......4124 Bözberg,100,624,783,63
......4125 Schinznach,192,873,1043,116
......4131 Beinwil am See,283,1268,1362,152
......4132 Birrwil,116,438,519,59
......4133 Burg (AG),92,392,448,47
......4134 Dürrenäsch,80,509,586,47
......4135 Gontenschwil,155,841,963,119
......4136 Holziken,112,581,572,52
......4137 Leimbach (AG),28,177,248,21
......4138 Leutwil,71,305,329,51
......4139 Menziken,479,2398,2745,308
......4140 Oberkulm,180,1092,1273,147
......4141 Reinach (AG),752,3208,3766,456
......4142 Schlossrued,62,332,378,48
......4143 Schmiedrued,86,471,554,53
......4144 Schöftland,368,1727,1854,277
......4145 Teufenthal (AG),130,613,736,95
......4146 Unterkulm,223,1169,1433,145
......4147 Zetzwil,101,525,626,68
......4161 Eiken,173,860,1071,92
......4163 Frick,373,2227,2434,250
......4164 Gansingen,52,408,494,46
......4165 Gipf-Oberfrick,274,1535,1592,142
......4166 Herznach,104,617,635,70
......4167 Hornussen,73,392,425,44
......4169 Kaisten,173,1047,1265,109
......4170 Laufenburg,269,1352,1691,159
......4172 Münchwilen (AG),63,372,426,41
......4173 Oberhof,32,268,273,26
......4175 Oeschgen,57,411,434,42
......4176 Schwaderloch,53,280,306,35
......4177 Sisseln,136,655,692,68
......4179 Ueken,61,384,418,37
......4181 Wittnau,74,526,566,50
......4182 Wölflinswil,72,456,436,41
......4183 Zeihen,87,477,495,43
......4184 Mettauertal,146,713,970,100
......4191 Ammerswil,48,296,311,27
......4192 Boniswil,132,568,656,62
......4193 Brunegg,62,310,331,29
......4194 Dintikon,149,915,1030,74
......4195 Egliswil,98,542,641,54
......4196 Fahrwangen,164,870,872,98
......4197 Hallwil,78,361,320,31
......4198 Hendschiken,84,513,540,26
......4199 Holderbank (AG),108,470,524,46
......4200 Hunzenschwil,308,1715,1707,138
......4201 Lenzburg,651,4231,3802,477
......4202 Meisterschwanden,274,1145,1302,97
......4203 Möriken-Wildegg,315,1752,2103,224
......4204 Niederlenz,286,1906,2172,182
......4205 Othmarsingen,165,1166,1274,92
......4206 Rupperswil,387,2285,2277,195
......4207 Schafisheim,213,1195,1438,127
......4208 Seengen,307,1606,1702,172
......4209 Seon,356,2029,2303,257
......4210 Staufen,200,1273,1316,148
......4221 Abtwil,54,444,455,17
......4222 Aristau,86,577,678,43
......4223 Auw,132,912,882,56
......4224 Beinwil (Freiamt),62,496,479,43
......4226 Besenbüren,33,276,273,25
......4227 Bettwil,38,235,272,26
......4228 Boswil,221,1255,1185,118
......4229 Bünzen,76,448,458,49
......4230 Buttwil,93,493,557,33
......4231 Dietwil,96,591,567,33
......4232 Geltwil,10,97,89,5
......4233 Kallern,17,145,155,13
......4234 Merenschwand,189,1507,1616,108
......4235 Mühlau,68,466,488,46
......4236 Muri (AG),517,3317,3408,349
......4237 Oberrüti,77,711,682,42
......4238 Rottenschwil,77,336,359,34
......4239 Sins,259,1921,1904,159
......4240 Waltenschwil,228,1160,1266,108
......4251 Hellikon,42,326,395,40
......4252 Kaiseraugst,496,2226,2580,263
......4253 Magden,236,1549,1996,168
......4254 Möhlin,797,4556,5003,495
......4255 Mumpf,116,529,640,46
......4256 Obermumpf,77,431,495,57
......4257 Olsberg,22,118,198,18
......4258 Rheinfelden,1235,5397,5854,618
......4259 Schupfart,54,321,357,34
......4260 Stein (AG),308,1276,1415,137
......4261 Wallbach,122,744,947,87
......4262 Wegenstetten,68,429,528,53
......4263 Zeiningen,172,893,1109,103
......4264 Zuzgen,51,346,430,32
......4271 Aarburg,586,3297,3468,372
......4272 Attelwil,10,120,140,12
......4273 Bottenwil,53,312,380,38
......4274 Brittnau,230,1620,1849,160
......4275 Kirchleerau,63,370,364,46
......4276 Kölliken,341,1819,1927,185
......4277 Moosleerau,60,419,400,38
......4279 Murgenthal,199,1163,1379,151
......4280 Oftringen,1004,5442,6188,616
......4281 Reitnau,74,570,552,49
......4282 Rothrist,664,3582,3974,463
......4283 Safenwil,335,1468,1721,171
......4284 Staffelbach,71,469,488,55
......4285 Strengelbach,334,1884,2167,211
......4286 Uerkheim,109,543,648,61
......4287 Vordemwald,152,772,878,107
......4288 Wiliberg,8,65,85,9
......4289 Zofingen,1013,5210,4630,633
......4301 Baldingen,14,112,134,11
......4302 Böbikon,10,55,95,5
......4303 Böttstein,259,1438,2014,205
......4304 Döttingen,282,1499,1813,205
......4305 Endingen,198,1073,1167,90
......4306 Fisibach,28,192,211,9
......4307 Full-Reuenthal,65,357,390,56
......4308 Kaiserstuhl,39,163,174,20
......4309 Klingnau,283,1352,1525,151
......4310 Koblenz,146,653,756,73
......4311 Leibstadt,95,507,596,76
......4312 Lengnau (AG),171,1142,1235,119
......4313 Leuggern,159,827,1026,118
......4314 Mellikon,18,101,132,11
......4315 Rekingen (AG),66,434,454,35
......4316 Rietheim,52,300,362,25
......4317 Rümikon,26,117,142,6
......4318 Schneisingen,116,496,667,57
......4319 Siglistorf,54,275,281,26
......4320 Tegerfelden,91,479,560,37
......4322 Wislikofen,21,145,179,11
......4323 Bad Zurzach,369,1533,1957,305
......4401 Arbon,1515,5924,5974,852
......4406 Dozwil,31,318,311,23
......4411 Egnach,302,1938,2152,181
......4416 Hefenhofen,94,538,555,42
......4421 Horn,241,1084,1122,156
......4426 Kesswil,59,382,512,49
......4431 Roggwil (TG),217,1240,1370,125
......4436 Romanshorn,977,4369,4796,610
......4441 Salmsach,104,552,698,51
......4446 Sommeri,34,207,253,26
......4451 Uttwil,173,721,861,77
......4461 Amriswil,1087,5654,5685,687
......4471 Bischofszell,515,2458,2580,342
......4476 Erlen,268,1613,1617,126
......4486 Hauptwil-Gottshaus,133,855,852,75
......4495 Hohentannen,43,289,266,18
......4501 Kradolf-Schönenberg,335,1491,1572,156
......4506 Sulgen,296,1534,1693,184
......4511 Zihlschlacht-Sitterdorf,167,1026,986,74
......4536 Basadingen-Schlattingen,137,732,878,81
......4545 Diessenhofen,316,1458,1731,171
......4546 Schlatt (TG),150,651,774,77
......4551 Aadorf,745,3634,4030,385
......4561 Felben-Wellhausen,214,1105,1290,82
......4566 Frauenfeld,2131,10933,10593,1207
......4571 Gachnang,279,1701,1868,136
......4590 Hüttlingen,72,354,382,22
......4591 Matzingen,224,1121,1160,126
......4601 Neunforn,67,358,485,53
......4606 Stettfurt,68,481,573,42
......4611 Thundorf,113,623,624,64
......4616 Uesslingen-Buch,89,461,487,49
......4621 Warth-Weiningen,96,461,630,55
......4641 Altnau,190,914,967,78
......4643 Bottighofen,205,815,1060,91
......4646 Ermatingen,276,1285,1477,164
......4651 Gottlieben,38,134,134,19
......4656 Güttingen,123,660,723,68
......4666 Kemmental,182,1004,1096,111
......4671 Kreuzlingen,2041,9276,9179,1045
......4681 Langrickenbach,102,574,554,45
......4683 Lengwil,132,733,741,53
......4691 Münsterlingen,308,1320,1448,123
......4696 Tägerwilen,322,1898,2003,165
......4701 Wäldi,100,422,466,48
......4711 Affeltrangen,171,1060,1163,101
......4716 Bettwiesen,101,495,512,46
......4721 Bichelsee-Balterswil,210,1150,1331,110
......4723 Braunau,43,342,347,28
......4724 Eschlikon,315,1813,1944,206
......4726 Fischingen,195,1117,1206,126
......4741 Lommis,83,550,553,40
......4746 Münchwilen (TG),452,2225,2362,231
......4751 Rickenbach (TG),260,1133,1261,119
......4756 Schönholzerswilen,32,362,376,44
......4761 Sirnach,588,3307,3435,345
......4776 Tobel-Tägerschen,140,702,647,67
......4781 Wängi,364,1945,2092,179
......4786 Wilen (TG),160,1072,1148,87
......4791 Wuppenau,59,475,542,45
......4801 Berlingen,91,301,418,51
......4806 Eschenz,150,679,798,98
......4811 Herdern,59,440,486,35
......4816 Homburg,109,632,710,61
......4821 Hüttwilen,108,679,804,78
......4826 Mammern,42,273,288,23
......4831 Müllheim,252,1207,1320,105
......4841 Pfyn,129,799,926,87
......4846 Raperswilen,33,161,175,26
......4851 Salenstein,142,477,606,57
......4864 Steckborn,358,1480,1678,210
......4871 Wagenhausen,137,668,778,91
......4881 Amlikon-Bissegg,103,535,624,61
......4891 Berg (TG),272,1459,1433,137
......4901 Birwinken,86,592,625,60
......4911 Bürglen (TG),335,1605,1597,153
......4921 Bussnang,150,1007,1019,88
......4941 Märstetten,217,1239,1202,100
......4946 Weinfelden,802,4964,4805,616
......4951 Wigoltingen,181,979,1111,103
......5001 Arbedo-Castione,320,2004,2258,229
......5002 Bellinzona,1578,7824,7644,1262
......5003 Cadenazzo,200,1214,1252,96
......5004 Camorino,180,1187,1289,134
......5005 Giubiasco,668,3532,3854,573
......5006 Gnosca,42,308,352,33
......5007 Gorduno,54,355,332,47
......5008 Gudo,64,361,347,58
......5009 Isone,22,163,173,27
......5010 Lumino,95,595,644,82
......5012 Moleno,10,51,57,5
......5013 Monte Carasso,178,1203,1314,137
......5014 Pianezzo,67,223,282,30
......5015 Preonzo,49,260,279,30
......5017 Sant'Antonino,155,1015,1149,92
......5018 Sant'Antonio,20,92,111,16
......5019 Sementina,240,1261,1474,169
......5048 Acquarossa,126,763,846,121
......5049 Blenio,117,699,805,162
......5050 Serravalle,161,890,894,130
......5061 Airolo,108,648,701,119
......5063 Bedretto,9,43,49,7
......5064 Bodio,73,383,502,79
......5071 Dalpe,9,78,96,15
......5072 Faido,215,1133,1341,219
......5073 Giornico,54,333,409,83
......5076 Personico,13,142,156,33
......5077 Pollegio,42,303,350,46
......5078 Prato (Leventina),20,176,201,26
......5079 Quinto,69,421,486,75
......5081 Sobrio,8,31,31,8
......5091 Ascona,659,2002,2296,482
......5095 Brione (Verzasca),18,79,71,14
......5096 Brione sopra Minusio,52,164,244,35
......5097 Brissago,189,555,877,148
......5102 Corippo,3,5,2,3
......5105 Frasco,9,35,50,6
......5108 Gordola,334,1872,2043,262
......5109 Gresso,3,13,16,6
......5112 Lavertezzo,114,595,583,51
......5113 Locarno,1580,6606,6722,1060
......5115 Losone,604,2641,2934,338
......5117 Mergoscia,27,92,80,19
......5118 Minusio,780,2828,3105,531
......5119 Mosogno,5,20,23,4
......5120 Muralto,394,1033,1063,237
......5121 Orselina,71,260,381,47
......5125 Ronco sopra Ascona,70,222,291,41
......5129 Sonogno,7,40,38,6
......5131 Tenero-Contra,259,1208,1231,177
......5132 Vergeletto,3,30,26,5
......5135 Vogorno,22,118,122,17
......5136 Onsernone,24,84,116,20
......5137 Isorno,28,136,116,22
......5138 Cugnasco-Gerra,226,1211,1332,140
......5141 Agno,410,1821,1961,274
......5143 Aranno,25,145,164,14
......5144 Arogno,94,418,429,63
......5146 Astano,33,104,154,17
......5148 Bedano,85,638,755,66
......5149 Bedigliora,51,281,272,31
......5151 Bioggio,199,1132,1160,141
......5154 Bissone,94,349,377,51
......5160 Brusino Arsizio,35,175,245,30
......5161 Cademario,65,315,330,49
......5162 Cadempino,112,677,669,71
......5167 Canobbio,139,895,986,117
......5171 Caslano,407,1673,1971,288
......5176 Comano,124,866,966,112
......5178 Croglio,91,361,380,45
......5180 Cureglia,98,581,620,55
......5181 Curio,49,228,243,31
......5186 Grancia,47,223,228,21
......5187 Gravesano,81,493,622,69
......5189 Lamone,135,745,789,101
......5192 Lugano,5590,27450,26687,3856
......5193 Magliaso,113,556,705,120
......5194 Manno,86,519,632,63
......5195 Maroggia,61,250,288,32
......5196 Massagno,520,2694,2623,372
......5197 Melano,128,614,651,68
......5198 Melide,154,739,795,112
......5199 Mezzovico-Vira,91,582,634,51
......5200 Miglieglia,28,134,136,13
......5202 Monteggio,99,344,404,53
......5203 Morcote,65,281,373,50
......5205 Muzzano,67,334,374,46
......5206 Neggio,15,140,157,15
......5207 Novaggio,71,328,379,54
......5208 Origlio,93,622,657,68
......5210 Paradiso,401,1660,1745,248
......5212 Ponte Capriasca,133,815,848,80
......5213 Ponte Tresa,106,312,323,62
......5214 Porza,120,692,748,60
......5216 Pura,86,566,701,69
......5219 Rovio,63,331,386,36
......5221 Savosa,199,928,969,144
......5222 Sessa,58,276,312,56
......5225 Sorengo,103,1044,707,99
......5226 Capriasca,443,2826,2919,336
......5227 Torricella-Taverne,203,1217,1513,139
......5230 Vernate,49,233,267,32
......5231 Vezia,142,857,889,112
......5233 Vico Morcote,35,141,184,16
......5236 Collina d'Oro,347,1926,2152,246
......5237 Alto Malcantone,121,621,591,88
......5238 Monteceneri,321,2000,2134,238
......5242 Balerna,324,1361,1448,257
......5249 Castel San Pietro,130,868,973,125
......5250 Chiasso,775,3351,3366,682
......5251 Coldrerio,217,1095,1368,179
......5254 Mendrisio,1130,6314,6597,897
......5257 Morbio Inferiore,390,1836,2145,262
......5260 Novazzano,163,941,1139,157
......5263 Riva San Vitale,211,1047,1202,150
......5266 Stabio,307,1938,2149,222
......5268 Vacallo,227,1365,1611,215
......5269 Breggia,118,804,988,138
......5281 Biasca,381,2430,2976,381
......5282 Claro,177,1285,1240,124
......5283 Cresciano,66,287,310,36
......5284 Iragna,40,234,267,26
......5285 Lodrino,100,692,897,81
......5286 Osogna,61,421,517,61
......5304 Bosco/Gurin,3,24,24,1
......5307 Campo (Vallemaggia),7,31,17,2
......5309 Cerentino,7,21,20,5
......5310 Cevio,85,497,503,100
......5315 Linescio,8,18,20,3
......5317 Maggia,211,1090,1133,150
......5323 Lavizzara,35,226,225,54
......5324 Avegno Gordevio,109,622,652,81
......5396 Terre di Pedemonte,204,1108,1176,130
......5397 Centovalli,115,452,523,80
......5398 Gambarogno,453,1989,2359,335
......5401 Aigle,862,4341,4194,542
......5402 Bex,677,3199,3109,377
......5403 Chessel,31,184,169,15
......5404 Corbeyrier,39,161,207,26
......5405 Gryon,121,529,574,43
......5406 Lavey-Morcles,100,383,372,56
......5407 Leysin,278,2717,1128,101
......5408 Noville,63,462,468,36
......5409 Ollon,584,3424,3090,328
......5410 Ormont-Dessous,155,456,438,70
......5411 Ormont-Dessus,117,603,661,100
......5412 Rennaz,95,356,359,29
......5413 Roche (VD),125,682,652,70
......5414 Villeneuve (VD),532,2341,2355,280
......5415 Yvorne,81,410,471,65
......5421 Apples,109,576,608,74
......5422 Aubonne,228,1460,1444,108
......5423 Ballens,34,202,246,24
......5424 Berolle,19,134,125,13
......5425 Bière,140,640,696,90
......5426 Bougy-Villars,46,194,222,23
......5427 Féchy,58,367,402,29
......5428 Gimel,148,804,866,95
......5429 Longirod,37,186,227,14
......5430 Marchissy,38,200,200,16
......5431 Mollens (VD),24,132,123,16
......5432 Montherod,40,234,231,14
......5434 Saint-George,64,416,443,33
......5435 Saint-Livres,64,323,302,24
......5436 Saint-Oyens,27,142,159,18
......5437 Saubraz,16,183,179,15
......5451 Avenches,363,1802,1762,183
......5456 Cudrefin,148,663,643,62
......5458 Faoug,82,375,372,31
......5464 Vully-les-Lacs,245,1167,1252,164
......5471 Bettens,27,284,238,8
......5472 Bournens,26,170,162,14
......5473 Boussens,60,429,449,23
......5474 La Chaux (Cossonay),30,192,182,17
......5475 Chavannes-le-Veyron,13,57,46,4
......5476 Chevilly,23,135,118,11
......5477 Cossonay,293,1694,1523,137
......5478 Cottens (VD),24,228,205,16
......5479 Cuarnens,25,190,202,21
......5480 Daillens,64,418,428,29
......5481 Dizy,18,104,93,7
......5482 Eclépens,78,441,488,30
......5483 Ferreyres,16,139,156,3
......5484 Gollion,75,379,383,29
......5485 Grancy,30,188,165,13
......5486 L'Isle,98,450,433,51
......5487 Lussery-Villars,27,197,180,17
......5488 Mauraz,4,22,20,3
......5489 Mex (VD),61,291,301,24
......5490 Moiry,22,130,130,8
......5491 Mont-la-Ville,24,135,205,19
......5492 Montricher,70,427,427,34
......5493 Orny,28,176,145,26
......5494 Pampigny,95,522,471,37
......5495 Penthalaz,297,1411,1373,163
......5496 Penthaz,114,702,777,59
......5497 Pompaples,67,410,316,45
......5498 La Sarraz,209,1199,1044,112
......5499 Senarclens,22,197,199,32
......5500 Sévery,21,96,110,4
......5501 Sullens,77,397,416,34
......5503 Vufflens-la-Ville,87,501,582,46
......5511 Assens,64,446,478,43
......5512 Bercher,87,486,518,57
......5513 Bioley-Orjulaz,37,214,205,14
......5514 Bottens,73,556,559,34
......5515 Bretigny-sur-Morrens,70,373,328,26
......5516 Cugy (VD),229,1230,1204,87
......5518 Echallens,431,2451,2492,251
......5520 Essertines-sur-Yverdon,64,433,420,29
......5521 Etagnières,64,496,553,32
......5522 Fey,50,284,275,26
......5523 Froideville,181,1128,1052,68
......5527 Morrens (VD),78,472,454,50
......5529 Oulens-sous-Echallens,33,229,253,16
......5530 Pailly,39,241,235,20
......5531 Penthéréaz,17,180,181,11
......5533 Poliez-Pittet,55,382,359,19
......5534 Rueyres,15,119,127,4
......5535 Saint-Barthélemy (VD),54,383,324,22
......5537 Villars-le-Terroir,55,456,482,41
......5539 Vuarrens,64,436,403,31
......5540 Montilliez,142,739,732,43
......5541 Goumoëns,69,463,468,54
......5551 Bonvillars,36,217,230,20
......5552 Bullet,56,211,290,48
......5553 Champagne,91,487,432,37
......5554 Concise,100,410,411,36
......5555 Corcelles-près-Concise,35,140,145,18
......5556 Fiez,29,195,184,12
......5557 Fontaines-sur-Grandson,24,88,75,4
......5559 Giez,36,166,169,17
......5560 Grandevent,19,89,113,11
......5561 Grandson,331,1452,1370,153
......5562 Mauborget,21,41,52,5
......5563 Mutrux,10,70,70,4
......5564 Novalles,7,44,48,3
......5565 Onnens (VD),40,222,209,24
......5566 Provence,33,168,163,20
......5568 Sainte-Croix,579,1975,1856,372
......5571 Tévenon,80,319,364,45
......5581 Belmont-sur-Lausanne,280,1620,1604,100
......5582 Cheseaux-sur-Lausanne,385,1949,1836,147
......5583 Crissier,591,3554,3327,257
......5584 Epalinges,632,4142,4046,382
......5585 Jouxtens-Mézery,80,598,695,40
......5586 Lausanne,12812,70493,46458,5833
......5587 Le Mont-sur-Lausanne,469,3246,3285,281
......5588 Paudex,130,630,660,71
......5589 Prilly,1111,5307,4884,658
......5590 Pully,1678,7495,7569,1063
......5591 Renens (VD),1758,9234,8679,865
......5592 Romanel-sur-Lausanne,312,1464,1444,136
......5601 Chexbres,198,932,894,192
......5604 Forel (Lavaux),163,918,929,81
......5606 Lutry,857,4066,4241,582
......5607 Puidoux,218,1285,1271,80
......5609 Rivaz,19,174,159,11
......5610 Saint-Saphorin (Lavaux),24,176,165,19
......5611 Savigny,261,1424,1514,143
......5613 Bourg-en-Lavaux,402,2187,2417,232
......5621 Aclens,36,236,237,16
......5622 Bremblens,39,213,250,10
......5623 Buchillon,33,241,330,21
......5624 Bussigny,703,3623,3604,283
......5625 Bussy-Chardonney,29,162,173,13
......5627 Chavannes-près-Renens,569,3478,3104,235
......5628 Chigny,22,144,159,8
......5629 Clarmont,17,73,61,8
......5631 Denens,60,304,324,21
......5632 Denges,128,756,711,58
......5633 Echandens,186,1230,1140,106
......5634 Echichens,172,1114,1157,150
......5635 Ecublens (VD),946,5703,5133,502
......5636 Etoy,234,1407,1194,104
......5637 Lavigny,59,485,418,33
......5638 Lonay,153,1064,1156,163
......5639 Lully (VD),38,342,356,25
......5640 Lussy-sur-Morges,42,268,297,39
......5642 Morges,1521,6792,6428,935
......5643 Préverenges,459,2308,2302,191
......5644 Reverolle,34,162,152,13
......5645 Romanel-sur-Morges,31,200,212,15
......5646 Saint-Prex,520,2467,2410,205
......5648 Saint-Sulpice (VD),290,1898,1556,160
......5649 Tolochenaz,168,810,827,54
......5650 Vaux-sur-Morges,11,88,101,3
......5651 Villars-Sainte-Croix,59,266,364,21
......5652 Villars-sous-Yens,48,254,251,13
......5653 Vufflens-le-Château,42,361,390,28
......5654 Vullierens,44,196,195,22
......5655 Yens,106,597,650,51
......5661 Boulens,25,150,139,11
......5662 Brenles,14,58,60,12
......5663 Bussy-sur-Moudon,21,83,81,13
......5665 Chavannes-sur-Moudon,13,93,104,14
......5666 Chesalles-sur-Moudon,16,76,71,6
......5668 Cremin,3,24,25,6
......5669 Curtilles,20,134,141,16
......5671 Dompierre (VD),22,99,113,13
......5672 Forel-sur-Lucens,7,59,76,10
......5673 Hermenches,32,169,161,19
......5674 Lovatens,20,68,55,7
......5675 Lucens,283,1525,1361,164
......5678 Moudon,439,2699,2509,277
......5680 Ogens,18,129,125,11
......5683 Prévonloup,11,77,74,10
......5684 Rossenges,8,24,30,3
......5686 Sarzens,5,28,47,0
......5688 Syens,14,63,55,7
......5690 Villars-le-Comte,6,61,69,14
......5692 Vucherens,44,231,243,25
......5693 Montanaire,179,1091,1043,103
......5701 Arnex-sur-Nyon,12,100,104,3
......5702 Arzier-Le Muids,214,1094,1191,72
......5703 Bassins,91,593,603,35
......5704 Begnins,150,773,803,97
......5705 Bogis-Bossey,44,397,445,18
......5706 Borex,72,475,498,30
......5707 Chavannes-de-Bogis,65,570,660,23
......5708 Chavannes-des-Bois,46,380,445,14
......5709 Chéserex,105,491,561,38
......5710 Coinsins,34,177,210,14
......5711 Commugny,127,1242,1414,80
......5712 Coppet,198,1321,1516,102
......5713 Crans-près-Céligny,141,891,1073,66
......5714 Crassier,78,545,539,24
......5715 Duillier,65,451,479,39
......5716 Eysins,109,693,672,32
......5717 Founex,211,1641,1695,85
......5718 Genolier,123,801,942,63
......5719 Gingins,83,506,584,50
......5720 Givrins,65,414,470,34
......5721 Gland,1121,5777,5469,358
......5722 Grens,13,170,194,10
......5723 Mies,108,858,931,84
......5724 Nyon,1781,8959,8516,831
......5725 Prangins,277,1774,1841,137
......5726 La Rippe,86,509,522,25
......5727 Saint-Cergue,282,1033,1044,83
......5728 Signy-Avenex,43,215,225,23
......5729 Tannay,83,682,788,43
......5730 Trélex,81,624,682,38
......5731 Le Vaud,91,541,575,37
......5732 Vich,81,405,380,30
......5741 L'Abergement,18,106,115,12
......5742 Agiez,31,150,118,11
......5743 Arnex-sur-Orbe,43,258,292,27
......5744 Ballaigues,69,468,478,56
......5745 Baulmes,94,413,477,49
......5746 Bavois,82,434,395,30
......5747 Bofflens,14,85,76,12
......5748 Bretonnières,18,101,125,9
......5749 Chavornay,321,2006,1718,116
......5750 Les Clées,8,79,87,12
......5751 Corcelles-sur-Chavornay,19,172,144,18
......5752 Croy,28,131,145,31
......5754 Juriens,27,132,122,20
......5755 Lignerolle,33,163,181,13
......5756 Montcherand,28,210,216,19
......5757 Orbe,590,3056,2884,319
......5758 La Praz,14,70,70,6
......5759 Premier,14,76,85,10
......5760 Rances,23,188,229,20
......5761 Romainmôtier-Envy,49,238,213,28
......5762 Sergey,15,63,56,10
......5763 Valeyres-sous-Rances,45,276,261,19
......5764 Vallorbe,371,1530,1563,190
......5765 Vaulion,43,209,195,42
......5766 Vuiteboeuf,32,273,221,19
......5782 Carrouge (VD),83,568,514,43
......5785 Corcelles-le-Jorat,30,178,189,26
......5788 Essertes,22,138,157,12
......5789 Ferlens (VD),27,149,145,14
......5790 Maracon,26,189,208,21
......5791 Mézières (VD),103,524,518,71
......5792 Montpreveyres,31,310,267,18
......5798 Ropraz,23,179,189,16
......5799 Servion,146,865,837,58
......5803 Vulliens,31,225,181,24
......5804 Jorat-Menthue,110,698,667,47
......5805 Oron,427,2375,2247,260
......5812 Champtauroz,9,54,64,6
......5813 Chevroux,32,170,209,24
......5816 Corcelles-près-Payerne,175,1032,921,104
......5817 Grandcour,55,389,362,45
......5819 Henniez,31,154,141,13
......5821 Missy,30,145,162,12
......5822 Payerne,775,4087,4046,550
......5827 Trey,17,126,105,8
......5828 Treytorrens (Payerne),16,48,53,6
......5830 Villarzel,39,171,185,21
......5831 Valbroye,201,1268,1349,143
......5841 Château-d'Oex,266,1398,1505,237
......5842 Rossinière,44,247,245,32
......5843 Rougemont,79,334,399,75
......5851 Allaman,25,176,180,14
......5852 Bursinel,27,198,234,16
......5853 Bursins,70,345,345,19
......5854 Burtigny,13,156,166,15
......5855 Dully,43,286,298,14
......5856 Essertines-sur-Rolle,42,325,316,13
......5857 Gilly,78,488,539,29
......5858 Luins,67,277,266,22
......5859 Mont-sur-Rolle,202,1133,1182,101
......5860 Perroy,107,640,674,44
......5861 Rolle,482,2803,2546,276
......5862 Tartegnin,22,95,104,9
......5863 Vinzel,25,151,157,16
......5871 L'Abbaye,131,560,648,94
......5872 Le Chenit,440,1928,1967,309
......5873 Le Lieu,78,333,388,58
......5881 Blonay,462,2540,2813,314
......5882 Chardonne,254,1212,1216,190
......5883 Corseaux,197,836,991,148
......5884 Corsier-sur-Vevey,326,1469,1479,168
......5885 Jongny,105,587,746,56
......5886 Montreux,2560,12568,9818,1483
......5888 Saint-Légier-La Chiésaz,320,2194,2338,223
......5889 La Tour-de-Peilz,1153,4931,4668,669
......5890 Vevey,1943,9347,7238,920
......5891 Veytaux,116,359,338,51
......5902 Belmont-sur-Yverdon,24,172,162,11
......5903 Bioley-Magnoux,12,71,106,12
......5904 Chamblon,51,236,261,20
......5905 Champvent,47,265,284,20
......5907 Chavannes-le-Chêne,20,128,111,19
......5908 Chêne-Pâquier,11,54,53,6
......5909 Cheseaux-Noréaz,34,260,336,34
......5910 Cronay,29,150,163,22
......5911 Cuarny,14,91,100,10
......5912 Démoret,9,56,54,4
......5913 Donneloye,55,339,339,33
......5914 Ependes (VD),38,168,131,9
......5915 Essert-Pittet,11,70,73,10
......5919 Mathod,36,265,258,23
......5921 Molondin,20,104,90,9
......5922 Montagny-près-Yverdon,61,311,306,35
......5923 Oppens,12,70,90,10
......5924 Orges,24,126,115,10
......5925 Orzens,21,79,102,10
......5926 Pomy,46,335,316,34
......5928 Rovray,16,81,75,4
......5929 Suchy,39,242,246,15
......5930 Suscévaz,14,76,96,12
......5931 Treycovagnes,32,195,219,17
......5932 Ursins,10,74,110,12
......5933 Valeyres-sous-Montagny,56,262,317,26
......5934 Valeyres-sous-Ursins,13,103,124,5
......5935 Villars-Epeney,8,43,37,2
......5937 Vugelles-La Mothe,12,60,58,6
......5938 Yverdon-les-Bains,2672,13125,12247,1652
......5939 Yvonand,262,1415,1299,180
......6002 Brig-Glis,1003,5702,5644,739
......6004 Eggerberg,13,124,185,23
......6007 Naters,706,3956,4545,601
......6008 Ried-Brig,88,868,996,89
......6009 Simplon,7,138,151,22
......6010 Termen,41,392,418,44
......6011 Zwischbergen,11,38,26,9
......6021 Ardon,198,1282,1430,140
......6022 Chamoson,295,1422,1674,196
......6023 Conthey,699,3498,3839,449
......6024 Nendaz,520,2518,2887,377
......6025 Vétroz,390,2532,2738,227
......6031 Bagnes,546,3511,3624,376
......6032 Bourg-Saint-Pierre,25,67,72,19
......6033 Liddes,50,325,321,54
......6034 Orsières,193,1281,1525,180
......6035 Sembrancher,84,445,393,62
......6036 Vollèges,94,874,834,89
......6052 Bellwald,18,153,213,27
......6054 Binn,10,58,65,12
......6055 Blitzingen,5,23,40,6
......6056 Ernen,33,182,253,43
......6057 Fiesch,66,355,454,52
......6058 Fieschertal,18,127,150,24
......6061 Lax,19,103,150,14
......6064 Niederwald,0,19,26,2
......6073 Grafschaft,13,62,104,16
......6074 Münster-Geschinen,32,173,204,42
......6075 Reckingen-Gluringen,29,163,204,40
......6076 Obergoms,23,264,322,41
......6081 Les Agettes,37,132,151,27
......6082 Ayent,255,1547,1879,241
......6083 Evolène,128,674,774,113
......6084 Hérémence,78,509,667,108
......6087 Saint-Martin (VS),55,331,425,64
......6089 Vex,157,742,804,98
......6090 Mont-Noble,137,347,474,75
......6101 Agarn,49,313,380,38
......6102 Albinen,22,80,113,28
......6104 Ergisch,13,74,88,14
......6109 Inden,18,44,53,5
......6110 Leuk,314,1566,1818,217
......6111 Leukerbad,101,588,717,69
......6112 Oberems,4,53,54,14
......6113 Salgesch,96,581,696,91
......6116 Varen,39,244,293,39
......6117 Guttet-Feschel,23,150,207,35
......6118 Gampel-Bratsch,130,745,926,108
......6119 Turtmann-Unterems,48,473,527,69
......6131 Bovernier,44,372,370,64
......6132 Charrat,92,744,756,74
......6133 Fully,638,3774,3699,411
......6134 Isérables,49,343,378,84
......6135 Leytron,221,1196,1474,193
......6136 Martigny,1609,7941,7146,955
......6137 Martigny-Combe,217,1020,971,109
......6139 Riddes,224,1261,1358,142
......6140 Saillon,197,1030,1141,114
......6141 Saxon,499,2390,2375,270
......6142 Trient,13,81,92,7
......6151 Champéry,111,534,617,76
......6152 Collombey-Muraz,717,3769,3835,317
......6153 Monthey,1710,7440,7414,945
......6154 Port-Valais,370,1861,1513,154
......6155 Saint-Gingolph,102,353,391,66
......6156 Troistorrents,372,1885,2041,207
......6157 Val-d'Illiez,136,788,861,90
......6158 Vionnaz,255,1054,1131,90
......6159 Vouvry,405,1640,1735,188
......6172 Bister,3,15,12,1
......6173 Bitsch,63,395,401,35
......6177 Grengiols,16,181,207,27
......6181 Riederalp,21,184,265,28
......6191 Ausserberg,30,254,305,39
......6192 Blatten,7,126,130,25
......6193 Bürchen,36,286,353,63
......6194 Eischoll,12,157,249,35
......6195 Ferden,8,106,117,13
......6197 Kippel,3,155,174,21
......6198 Niedergesteln,39,274,344,26
......6199 Raron,115,757,930,102
......6201 Unterbäch,23,154,207,27
......6202 Wiler (Lötschen),14,266,262,34
......6203 Mörel-Filet,59,260,321,46
......6204 Steg-Hohtenn,125,618,713,117
......6205 Bettmeralp,27,185,202,37
......6211 Collonges,83,291,298,51
......6212 Dorénaz,80,369,381,40
......6213 Evionnaz,134,518,525,63
......6214 Finhaut,45,170,211,19
......6215 Massongex,134,782,798,73
......6217 Saint-Maurice,379,2027,1852,236
......6218 Salvan,128,547,579,85
......6219 Vernayaz,140,795,844,107
......6220 Vérossaz,47,308,336,21
......6232 Chalais,284,1382,1583,161
......6234 Chermignon,237,1194,1522,164
......6235 Chippis,129,667,749,87
......6238 Grône,200,957,1028,126
......6239 Icogne,46,211,272,32
......6240 Lens,336,1445,1967,238
......6241 Miège,109,601,582,57
......6242 Mollens (VS),112,371,452,37
......6243 Montana,194,913,1099,157
......6244 Randogne,268,2574,1453,184
......6246 Saint-Léonard,143,923,1085,118
......6248 Sierre,1529,6918,7205,1057
......6249 Venthône,96,491,574,52
......6250 Veyras,153,728,838,98
......6252 Anniviers,206,1069,1318,123
......6261 Arbaz,102,476,539,78
......6263 Grimisuat,218,1385,1477,138
......6265 Savièse,570,3023,3401,387
......6266 Sion,3012,14968,13637,1913
......6267 Veysonnaz,32,247,294,33
......6281 Baltschieder,50,547,661,42
......6282 Eisten,11,82,83,25
......6283 Embd,6,117,155,24
......6285 Grächen,93,532,640,86
......6286 Lalden,22,283,322,41
......6287 Randa,11,186,226,23
......6288 Saas-Almagell,11,171,180,29
......6289 Saas-Balen,15,148,182,24
......6290 Saas-Fee,82,737,717,85
......6291 Saas-Grund,49,398,533,63
......6292 St. Niklaus,105,937,1105,140
......6293 Stalden (VS),55,419,540,84
......6294 Staldenried,18,227,264,41
......6295 Täsch,61,540,581,40
......6296 Törbel,23,194,221,30
......6297 Visp,539,3216,3500,410
......6298 Visperterminen,37,550,707,86
......6299 Zeneggen,21,117,133,17
......6300 Zermatt,335,2768,2450,206
......6402 Bevaix,373,1496,1747,201
......6404 Boudry,555,2587,2300,278
......6405 Brot-Dessous,19,36,44,4
......6407 Corcelles-Cormondrèche,443,2006,2026,244
......6408 Cortaillod,487,1967,2107,241
......6409 Fresens,15,93,106,8
......6410 Gorgier,187,817,883,117
......6411 Montalchez,11,123,95,14
......6412 Peseux,624,2561,2332,402
......6413 Rochefort,98,487,490,46
......6414 Saint-Aubin-Sauges,238,1048,1072,152
......6415 Vaumarcus,31,109,127,9
......6416 Milvignes,856,3789,3955,469
......6421 La Chaux-de-Fonds,4217,17193,15218,2329
......6422 Les Planchettes,23,89,98,13
......6423 La Sagne,80,392,419,71
......6431 Les Brenets,98,406,489,52
......6432 La Brévine,43,260,300,39
......6433 Brot-Plamboz,15,119,125,11
......6434 Le Cerneux-Péquignot,21,142,147,15
......6435 La Chaux-du-Milieu,28,219,236,18
......6436 Le Locle,1011,4332,4409,692
......6437 Les Ponts-de-Martel,96,550,568,65
......6451 Cornaux,144,653,725,69
......6452 Cressier (NE),135,821,868,80
......6453 Enges,35,101,127,16
......6454 Hauterive (NE),285,1109,1089,145
......6455 Le Landeron,472,1826,1991,212
......6456 Lignières,80,395,437,37
......6458 Neuchâtel,3510,16274,12096,1832
......6459 Saint-Blaise,313,1359,1438,174
......6461 La Tène,447,1995,2273,214
......6485 Valangin,39,244,194,19
......6487 Val-de-Ruz,1506,7259,7110,711
......6504 La Côte-aux-Fées,61,168,200,40
......6511 Les Verrières,82,285,280,52
......6512 Val-de-Travers,1134,4327,4645,799
......6601 Aire-la-Ville,69,514,552,25
......6602 Anières,172,1108,1058,88
......6603 Avully,202,803,710,56
......6604 Avusy,110,598,683,35
......6605 Bardonnex,222,959,996,83
......6606 Bellevue,236,1554,1395,75
......6607 Bernex,929,4252,4364,386
......6608 Carouge (GE),2236,10409,7867,828
......6609 Cartigny,68,370,393,34
......6610 Céligny,49,286,319,25
......6611 Chancy,135,780,657,26
......6612 Chêne-Bougeries,938,4818,4765,701
......6613 Chêne-Bourg,895,3866,3361,350
......6614 Choulex,110,532,457,40
......6615 Collex-Bossy,103,745,753,64
......6616 Collonge-Bellerive,567,3443,3629,358
......6617 Cologny,389,2372,2500,239
......6618 Confignon,338,1992,2017,173
......6619 Corsier (GE),159,850,951,57
......6620 Dardagny,128,723,644,37
......6621 Genève,20555,96715,72383,8404
......6622 Genthod,149,1189,1295,114
......6623 Le Grand-Saconnex,904,5574,5176,451
......6624 Gy,37,250,207,14
......6625 Hermance,87,451,427,51
......6626 Jussy,99,554,572,46
......6627 Laconnex,49,271,317,24
......6628 Lancy,3006,14018,12921,1412
......6629 Meinier,200,936,918,86
......6630 Meyrin,2116,9425,9663,948
......6631 Onex,1850,7941,7866,978
......6632 Perly-Certoux,296,1322,1289,132
......6633 Plan-les-Ouates,832,4869,4296,347
......6634 Pregny-Chambésy,204,1599,1733,157
......6635 Presinge,54,313,290,35
......6636 Puplinge,224,905,896,97
......6637 Russin,43,243,236,18
......6638 Satigny,308,1900,1753,146
......6639 Soral,55,331,312,54
......6640 Thônex,1451,5988,5852,664
......6641 Troinex,190,1066,991,89
......6642 Vandoeuvres,177,1099,1136,101
......6643 Vernier,3185,15569,14510,1389
......6644 Versoix,1130,6104,5497,532
......6645 Veyrier,816,4980,4950,527
......6702 Boécourt,59,388,397,54
......6703 Bourrignon,11,107,129,19
......6704 Châtillon (JU),30,221,207,17
......6705 Corban,34,192,220,19
......6706 Courchapoix,27,194,183,23
......6708 Courrendlin,200,1237,1207,139
......6709 Courroux,236,1368,1459,166
......6710 Courtételle,181,1131,1133,124
......6711 Delémont,1174,5512,5084,823
......6712 Develier,90,583,657,71
......6713 Ederswiler,7,47,47,12
......6715 Mervelier,28,194,245,41
......6716 Mettembert,7,45,49,6
......6718 Movelier,30,147,182,32
......6719 Pleigne,32,154,150,23
......6720 Rebeuvelier,26,164,197,9
......6721 Rossemaison,31,254,281,34
......6722 Saulcy,21,106,114,21
......6724 Soyhières,37,219,202,29
......6728 Vellerat,10,27,34,0
......6729 Haute-Sorne,538,2939,2989,420
......6730 Val Terbi,177,1115,1186,148
......6741 Le Bémont (JU),19,141,142,14
......6742 Les Bois,82,531,524,58
......6743 Les Breuleux,105,682,651,82
......6744 La Chaux-des-Breuleux,3,42,48,4
......6745 Les Enfers,5,73,65,5
......6748 Les Genevez (JU),37,221,220,35
......6750 Lajoux (JU),44,286,290,40
......6751 Montfaucon,40,257,279,34
......6753 Muriaux,35,228,216,25
......6754 Le Noirmont,117,823,803,102
......6757 Saignelégier,192,1110,1093,142
......6758 Saint-Brais,14,106,99,16
......6759 Soubey,16,43,66,7
......6771 Alle,143,751,767,104
......6773 Beurnevésin,10,40,62,14
......6774 Boncourt,118,443,540,122
......6775 Bonfol,71,249,292,57
......6778 Bure,42,262,333,53
......6781 Coeuve,42,308,317,48
......6782 Cornol,75,455,436,63
......6783 Courchavon,19,122,138,21
......6784 Courgenay,199,918,987,158
......6785 Courtedoux,47,300,375,50
......6787 Damphreux,19,74,77,11
......6789 Fahy,39,130,153,33
......6790 Fontenais,100,709,746,116
......6792 Grandfontaine,23,164,179,26
......6793 Lugnez,11,67,91,15
......6800 Porrentruy,713,2965,2685,466
......6803 Rocourt,11,56,82,7
......6806 Vendlincourt,43,230,245,42
......6807 Basse-Allaine,90,502,545,106
......6808 Clos du Doubs,107,547,563,89
......6809 Haute-Ajoie,69,380,429,68
......6810 La Baroche,100,490,518,75
>> Arrondissement administratif Jura bernois,4564,22230,23409,3340
>> Bezirk Aarau,5814,32861,32735,3783
>> Bezirk Affoltern,4076,21785,23865,1875
>> Bezirk Albula,581,3339,3785,505
>> Bezirk Andelfingen,2318,12775,14472,1320
>> Bezirk Arbon,4834,22927,24289,2879
>> Bezirk Arlesheim,13012,60481,70788,9092
>> Bezirk Baden,10994,60226,62819,6059
>> Bezirk Bremgarten,6124,31288,33957,3230
>> Bezirk Brig,1869,11218,11965,1527
>> Bezirk Brugg,3811,20671,22965,2219
>> Bezirk Bucheggberg,536,3236,3516,402
>> Bezirk Bülach,12276,61969,64381,5705
>> Bezirk Dielsdorf,7548,36956,39618,3263
>> Bezirk Dietikon,7549,37519,39429,3884
>> Bezirk Dorneck,1628,8278,9445,961
>> Bezirk Einsiedeln,1117,6679,6550,730
>> Bezirk Frauenfeld,5391,27597,29681,3004
>> Bezirk Gersau,202,860,1040,138
>> Bezirk Goms,266,1682,2185,319
>> Bezirk Gäu,1651,8696,9128,923
>> Bezirk Gösgen,1943,9733,11074,1280
>> Bezirk Hinterland,1878,10501,10535,1260
>> Bezirk Hinterrhein,981,5403,6063,732
>> Bezirk Hinwil,7825,39583,41616,4116
>> Bezirk Horgen,10232,51959,54554,5793
>> Bezirk Höfe,2585,11436,13044,1163
>> Bezirk Imboden,1478,8527,9289,864
>> Bezirk Inn,639,3788,4484,565
>> Bezirk Kreuzlingen,4194,19673,20629,2093
>> Bezirk Kulm,3318,16046,18392,2145
>> Bezirk Küssnacht (SZ),981,5252,5620,570
>> Bezirk Landquart,1943,10879,11598,1135
>> Bezirk Laufen,1499,8119,8948,1007
>> Bezirk Laufenburg,2272,12980,14623,1395
>> Bezirk Lebern,4303,17716,20098,2730
>> Bezirk Lenzburg,4385,25148,26621,2556
>> Bezirk Leuk,857,4911,5872,727
>> Bezirk Liestal,4668,23854,27710,2944
>> Bezirk Maloja / Distretto di Maloggia,1388,7768,8619,922
>> Bezirk March,3317,18393,18625,1769
>> Bezirk Meilen,8625,41416,45685,5234
>> Bezirk Mittelland,1371,7099,7501,891
>> Bezirk Muri,2333,15387,15773,1307
>> Bezirk Münchwilen,3656,19485,20868,1969
>> Bezirk Oberklettgau,316,1742,2038,201
>> Bezirk Olten,4511,22808,23409,2990
>> Bezirk Pfäffikon,4949,24280,27036,2556
>> Bezirk Plessur,3924,18115,16387,2276
>> Bezirk Prättigau-Davos,1904,11323,11595,1435
>> Bezirk Raron,601,4373,5192,676
>> Bezirk Reiat,608,3397,4246,445
>> Bezirk Rheinfelden,3796,19141,21947,2151
>> Bezirk Schaffhausen,4788,22163,23382,3186
>> Bezirk Schleitheim,229,1163,1437,180
>> Bezirk Schwyz,3437,24208,23822,2550
>> Bezirk See / District du Lac,2546,14939,16252,1576
>> Bezirk Sense,3039,18340,19783,2033
>> Bezirk Sissach,2647,14287,16568,1719
>> Bezirk Solothurn,1731,8187,5904,897
>> Bezirk Stein,492,2046,2588,364
>> Bezirk Surselva,1236,9012,9716,1360
>> Bezirk Thal,1011,5977,6630,806
>> Bezirk Thierstein,1015,5808,6738,842
>> Bezirk Unterklettgau,386,1893,2281,262
>> Bezirk Uster,11385,54930,56270,5087
>> Bezirk Visp,1544,12169,13200,1496
>> Bezirk Vorderland,1247,5455,6081,724
>> Bezirk Waldenburg,1168,6364,7566,777
>> Bezirk Wasseramt,4438,20242,22517,2668
>> Bezirk Weinfelden,4165,23543,24063,2483
>> Bezirk Winterthur,13421,73526,69386,7347
>> Bezirk Zofingen,5306,29125,31238,3377
>> Bezirk Zurzach,2562,13250,15870,1651
>> Bezirk Zürich,35685,210175,134084,16993
>> Canton de Genève,46072,224586,193557,20496
>> Distretto di Bellinzona,3942,21648,22811,3020
>> Distretto di Bernina,223,1797,2212,387
>> Distretto di Blenio,404,2352,2545,413
>> Distretto di Leventina,620,3691,4322,710
>> Distretto di Locarno,6253,25398,27820,4216
>> Distretto di Lugano,12485,64152,66204,8680
>> Distretto di Mendrisio,3992,20920,22986,3284
>> Distretto di Moesa,660,3347,3875,543
>> Distretto di Riviera,825,5349,6207,709
>> Distretto di Vallemaggia,465,2529,2594,396
>> District d'Aigle,3860,20248,18247,2138
>> District d'Entremont,992,6503,6769,780
>> District d'Hérens,847,4282,5174,726
>> District de Boudry,3937,17119,17284,2185
>> District de Conthey,2102,11252,12568,1389
>> District de Delémont,2986,16344,16352,2230
>> District de Lausanne,14690,81892,57764,6819
>> District de Lavaux-Oron,5012,25457,25802,3028
>> District de Martigny,3803,20152,19760,2423
>> District de Monthey,4178,19324,19538,2133
>> District de Morges,6495,35352,34725,3521
>> District de Neuchâtel,5421,24533,21044,2779
>> District de Nyon,7397,42801,43768,3255
>> District de Porrentruy,2091,10162,10560,1744
>> District de Saint-Maurice,1170,5807,5824,695
>> District de Sierre,4042,20444,21727,2691
>> District de Sion,3934,20099,19348,2549
>> District de l'Ouest lausannois,6027,33063,30651,2981
>> District de la Broye,2437,13778,13287,1342
>> District de la Broye-Vully,3363,18372,17974,2097
>> District de la Chaux-de-Fonds,4320,17674,15735,2413
>> District de la Glâne,1642,10581,10063,991
>> District de la Gruyère,4212,23898,21973,2452
>> District de la Riviera-Pays-d'Enhaut,7825,38022,33794,4566
>> District de la Sarine,8168,49335,42622,4257
>> District de la Veveyse,1467,8069,7612,752
>> District des Franches-Montagnes,709,4543,4496,564
>> District du Gros-de-Vaud,3155,19135,19072,1577
>> District du Jura-Nord vaudois,7902,38958,37838,4650
>> District du Locle,1312,6028,6274,892
>> District du Val-de-Ruz,1545,7503,7304,730
>> District du Val-de-Travers,1277,4780,5125,891
>> Kanton Appenzell Innerrhoden,814,7338,6971,851
>> Kanton Basel-Stadt,18693,89611,72481,11023
>> Kanton Glarus,3066,16607,18015,2338
>> Kanton Nidwalden,3176,18392,18905,1946
>> Kanton Obwalden,2311,16432,16562,1771
>> Kanton Uri,1751,15323,16871,2027
>> Kanton Zug,9147,53320,54888,4774
>> Verwaltungskreis Bern-Mittelland,33777,182532,168903,21094
>> Verwaltungskreis Biel/Bienne,10231,42596,40282,5808
>> Verwaltungskreis Emmental,6777,40831,43170,5426
>> Verwaltungskreis Frutigen-Niedersimmental,2889,16112,18270,2413
>> Verwaltungskreis Interlaken-Oberhasli,3944,19446,21083,2891
>> Verwaltungskreis Oberaargau,6296,33065,36036,4530
>> Verwaltungskreis Obersimmental-Saanen,1010,6845,7852,978
>> Verwaltungskreis Seeland,5750,29711,32944,3670
>> Verwaltungskreis Thun,9126,43818,47423,6363
>> Wahlkreis Entlebuch,895,10905,10161,1286
>> Wahlkreis Hochdorf,4725,31103,32131,3003
>> Wahlkreis Luzern-Land,7313,42142,44784,4767
>> Wahlkreis Luzern-Stadt,7006,40545,29425,4314
>> Wahlkreis Rheintal,5535,30340,31784,3404
>> Wahlkreis Rorschach,3837,17237,18972,2220
>> Wahlkreis Sarganserland,2898,16975,17865,2104
>> Wahlkreis See-Gaster,4970,27714,30013,3066
>> Wahlkreis St. Gallen,10213,55644,49895,5961
>> Wahlkreis Sursee,3863,32943,32024,2824
>> Wahlkreis Toggenburg,3198,19559,20660,2491
>> Wahlkreis Werdenberg,3035,16152,17062,1704
>> Wahlkreis Wil,5459,32007,33661,3415
>> Wahlkreis Willisau,2739,23817,23619,2419
Schweiz,685622,3650651,3583008,407408
